Transport|Total,0.94748867,1.3677348,5.0470605,4.852889,5.601128,6.897452,5.011862,2.5645902,0.94748867,1.3677348,5.0470605,4.852889,5.601128,6.897452,5.011862,2.5645902,0.94781256,1.3819741,5.183132,4.982531,5.755546,7.0947948,5.1467676,2.6184607,0.94781256,1.3819741,5.183132,4.982531,5.755546,7.0947948,5.1467676,2.6184607,0.9495928,1.4602334,5.93098,5.695042,6.604227,8.179389,5.88821,2.9145317,0.9495928,1.4602334,5.93098,5.695042,6.604227,8.179389,5.88821,2.9145317,0.94913936,1.4402984,5.7404804,5.513544,6.3880424,7.903109,5.699342,2.8391135,0.94913936,1.4402984,5.7404804,5.513544,6.3880424,7.903109,5.699342,2.8391135,0.9495876,1.4600056,5.9288034,5.692968,6.6017566,8.176231,5.886051,2.91367,0.9495876,1.4600056,5.9288034,5.692968,6.6017566,8.176231,5.886051,2.91367,0.9496238,1.4616004,5.944043,5.7074876,6.619052,8.198334,5.9011602,2.9197032,0.9496238,1.4616004,5.944043,5.7074876,6.619052,8.198334,5.9011602,2.9197032,0.95005655,1.4806242,6.1258345,5.880689,6.8253536,8.461983,6.081395,2.9916742,0.95005655,1.4806242,6.1258345,5.880689,6.8253536,8.461983,6.081395,2.9916742,0.949103,1.4387035,5.72524,5.4990234,6.3707476,7.881007,5.6842327,2.8330798,0.949103,1.4387035,5.72524,5.4990234,6.3707476,7.881007,5.6842327,2.8330798,0.9495591,1.4587525,5.916828,5.681559,6.5881677,8.158865,5.8741794,2.9089296,0.9495591,1.4587525,5.916828,5.681559,6.5881677,8.158865,5.8741794,2.9089296,0.9498675,1.4723084,6.0463686,5.8049784,6.735174,8.346734,6.0026093,2.960214,0.9498675,1.4723084,6.0463686,5.8049784,6.735174,8.346734,6.0026093,2.960214,0.9492092,1.443374,5.769872,5.541546,6.4213967,7.9457355,5.7284813,2.8507493,0.9492092,1.443374,5.769872,5.541546,6.4213967,7.9457355,5.7284813,2.8507493,0.9490875,1.4380201,5.718709,5.4928,6.363335,7.8715343,5.6777573,2.8304942,0.9490875,1.4380201,5.718709,5.4928,6.363335,7.8715343,5.6777573,2.8304942
Transport|Hydrogen,0.00120202,0.00120202,0.00120202,0.00120202,0.00120202,0.00120202,0.00120202,0.00120202,0.00120202,0.00120202,0.00120202,0.00120202,0.00120202,0.00120202,0.00120202,0.00120202,0.00120202,0.00120202,0.00120202,0.00120202,0.00120202,0.00120202,0.00120202,0.00120202,0.00120202,0.00120202,0.00120202,0.00120202,0.00120202,0.00120202,0.00120202,0.00120202,0.00120202,0.00120202,0.00120202,0.00120202,0.00120202,0.00120202,0.00120202,0.00120202,0.00120202,0.00120202,0.00120202,0.00120202,0.00120202,0.00120202,0.00120202,0.00120202,0.00120202,0.00120202,0.00120202,0.00120202,0.00120202,0.00120202,0.00120202,0.00120202,0.00120202,0.00120202,0.00120202,0.00120202,0.00120202,0.00120202,0.00120202,0.00120202,0.00120202,0.00120202,0.00120202,0.00120202,0.00120202,0.00120202,0.00120202,0.00120202,0.00120202,0.00120202,0.00120202,0.00120202,0.00120202,0.00120202,0.00120202,0.00120202,0.00120202,0.00120202,0.00120202,0.00120202,0.00120202,0.00120202,0.00120202,0.00120202,0.00120202,0.00120202,0.00120202,0.00120202,0.00120202,0.00120202,0.00120202,0.00120202,0.00120202,0.00120202,0.00120202,0.00120202,0.00120202,0.00120202,0.00120202,0.00120202,0.00120202,0.00120202,0.00120202,0.00120202,0.00120202,0.00120202,0.00120202,0.00120202,0.00120202,0.00120202,0.00120202,0.00120202,0.00120202,0.00120202,0.00120202,0.00120202,0.00120202,0.00120202,0.00120202,0.00120202,0.00120202,0.00120202,0.00120202,0.00120202,0.00120202,0.00120202,0.00120202,0.00120202,0.00120202,0.00120202,0.00120202,0.00120202,0.00120202,0.00120202,0.00120202,0.00120202,0.00120202,0.00120202,0.00120202,0.00120202,0.00120202,0.00120202,0.00120202,0.00120202,0.00120202,0.00120202,0.00120202,0.00120202,0.00120202,0.00120202,0.00120202,0.00120202,0.00120202,0.00120202,0.00120202,0.00120202,0.00120202,0.00120202,0.00120202,0.00120202,0.00120202,0.00120202,0.00120202,0.00120202,0.00120202,0.00120202,0.00120202,0.00120202,0.00120202,0.00120202,0.00120202,0.00120202,0.00120202,0.00120202,0.00120202,0.00120202,0.00120202,0.00120202,0.00120202,0.00120202,0.00120202,0.00120202,0.00120202,0.00120202,0.00120202,0.00120202,0.00120202,0.00120202
Transport|Gas,0.0,0.0,0.0,0.0,0.0,0.0,0.0,0.0,0.0,0.0,0.0,0.0,0.0,0.0,0.0,0.0,0.0,0.0,0.0,0.0,0.0,0.0,0.0,0.0,0.0,0.0,0.0,0.0,0.0,0.0,0.0,0.0,0.0,0.0,0.0,0.0,0.0,0.0,0.0,0.0,0.0,0.0,0.0,0.0,0.0,0.0,0.0,0.0,0.0,0.0,0.0,0.0,0.0,0.0,0.0,0.0,0.0,0.0,0.0,0.0,0.0,0.0,0.0,0.0,0.0,0.0,0.0,0.0,0.0,0.0,0.0,0.0,0.0,0.0,0.0,0.0,0.0,0.0,0.0,0.0,0.0,0.0,0.0,0.0,0.0,0.0,0.0,0.0,0.0,0.0,0.0,0.0,0.0,0.0,0.0,0.0,0.0,0.0,0.0,0.0,0.0,0.0,0.0,0.0,0.0,0.0,0.0,0.0,0.0,0.0,0.0,0.0,0.0,0.0,0.0,0.0,0.0,0.0,0.0,0.0,0.0,0.0,0.0,0.0,0.0,0.0,0.0,0.0,0.0,0.0,0.0,0.0,0.0,0.0,0.0,0.0,0.0,0.0,0.0,0.0,0.0,0.0,0.0,0.0,0.0,0.0,0.0,0.0,0.0,0.0,0.0,0.0,0.0,0.0,0.0,0.0,0.0,0.0,0.0,0.0,0.0,0.0,0.0,0.0,0.0,0.0,0.0,0.0,0.0,0.0,0.0,0.0,0.0,0.0,0.0,0.0,0.0,0.0,0.0,0.0,0.0,0.0,0.0,0.0,0.0,0.0,0.0,0.0,0.0,0.0,0.0,0.0
Transport|Liquid petroleum products,0.41407472,0.8343207,4.513646,4.3194747,5.0677137,6.3640375,4.4784474,2.031176,0.41407472,0.8343207,4.513646,4.3194747,5.0677137,6.3640375,4.4784474,2.031176,0.4143986,0.8485601,4.649718,4.4491167,5.2221317,6.5613804,4.6133533,2.0850465,0.4143986,0.8485601,4.649718,4.4491167,5.2221317,6.5613804,4.6133533,2.0850465,0.41617882,0.92681944,5.397566,5.161628,6.0708127,7.6459746,5.3547955,2.3811176,0.41617882,0.92681944,5.397566,5.161628,6.0708127,7.6459746,5.3547955,2.3811176,0.41572535,0.90688443,5.207066,4.9801297,5.854628,7.3696947,5.1659274,2.3056993,0.41572535,0.90688443,5.207066,4.9801297,5.854628,7.3696947,5.1659274,2.3056993,0.41617364,0.92659163,5.395389,5.1595535,6.068342,7.6428175,5.352637,2.380256,0.41617364,0.92659163,5.395389,5.1595535,6.068342,7.6428175,5.352637,2.380256,0.4162099,0.9281864,5.410629,5.174073,6.0856376,7.6649194,5.367746,2.3862891,0.4162099,0.9281864,5.410629,5.174073,6.0856376,7.6649194,5.367746,2.3862891,0.41664264,0.9472102,5.59242,5.347275,6.2919393,7.928569,5.547981,2.45826,0.41664264,0.9472102,5.59242,5.347275,6.2919393,7.928569,5.547981,2.45826,0.41568905,0.90528953,5.191826,4.965609,5.837333,7.347593,5.1508183,2.2996657,0.41568905,0.90528953,5.191826,4.965609,5.837333,7.347593,5.1508183,2.2996657,0.41614512,0.9253385,5.383414,5.1481447,6.0547533,7.625451,5.340765,2.3755155,0.41614512,0.9253385,5.383414,5.1481447,6.0547533,7.625451,5.340765,2.3755155,0.41645348,0.9388944,5.512954,5.271564,6.20176,7.8133206,5.469195,2.4267998,0.41645348,0.9388944,5.512954,5.271564,6.20176,7.8133206,5.469195,2.4267998,0.4157953,0.90996003,5.236458,5.0081315,5.8879824,7.412321,5.195067,2.3173351,0.4157953,0.90996003,5.236458,5.0081315,5.8879824,7.412321,5.195067,2.3173351,0.41567352,0.9046061,5.1852946,4.959386,5.829921,7.33812,5.144343,2.29708,0.41567352,0.9046061,5.1852946,4.959386,5.829921,7.33812,5.144343,2.29708
Transport|Electricity,0.53221196,0.53221196,0.53221196,0.53221196,0.53221196,0.53221196,0.53221196,0.53221196,0.53221196,0.53221196,0.53221196,0.53221196,0.53221196,0.53221196,0.53221196,0.53221196,0.53221196,0.53221196,0.53221196,0.53221196,0.53221196,0.53221196,0.53221196,0.53221196,0.53221196,0.53221196,0.53221196,0.53221196,0.53221196,0.53221196,0.53221196,0.53221196,0.53221196,0.53221196,0.53221196,0.53221196,0.53221196,0.53221196,0.53221196,0.53221196,0.53221196,0.53221196,0.53221196,0.53221196,0.53221196,0.53221196,0.53221196,0.53221196,0.53221196,0.53221196,0.53221196,0.53221196,0.53221196,0.53221196,0.53221196,0.53221196,0.53221196,0.53221196,0.53221196,0.53221196,0.53221196,0.53221196,0.53221196,0.53221196,0.53221196,0.53221196,0.53221196,0.53221196,0.53221196,0.53221196,0.53221196,0.53221196,0.53221196,0.53221196,0.53221196,0.53221196,0.53221196,0.53221196,0.53221196,0.53221196,0.53221196,0.53221196,0.53221196,0.53221196,0.53221196,0.53221196,0.53221196,0.53221196,0.53221196,0.53221196,0.53221196,0.53221196,0.53221196,0.53221196,0.53221196,0.53221196,0.53221196,0.53221196,0.53221196,0.53221196,0.53221196,0.53221196,0.53221196,0.53221196,0.53221196,0.53221196,0.53221196,0.53221196,0.53221196,0.53221196,0.53221196,0.53221196,0.53221196,0.53221196,0.53221196,0.53221196,0.53221196,0.53221196,0.53221196,0.53221196,0.53221196,0.53221196,0.53221196,0.53221196,0.53221196,0.53221196,0.53221196,0.53221196,0.53221196,0.53221196,0.53221196,0.53221196,0.53221196,0.53221196,0.53221196,0.53221196,0.53221196,0.53221196,0.53221196,0.53221196,0.53221196,0.53221196,0.53221196,0.53221196,0.53221196,0.53221196,0.53221196,0.53221196,0.53221196,0.53221196,0.53221196,0.53221196,0.53221196,0.53221196,0.53221196,0.53221196,0.53221196,0.53221196,0.53221196,0.53221196,0.53221196,0.53221196,0.53221196,0.53221196,0.53221196,0.53221196,0.53221196,0.53221196,0.53221196,0.53221196,0.53221196,0.53221196,0.53221196,0.53221196,0.53221196,0.53221196,0.53221196,0.53221196,0.53221196,0.53221196,0.53221196,0.53221196,0.53221196,0.53221196,0.53221196,0.53221196,0.53221196,0.53221196,0.53221196,0.53221196,0.53221196,0.53221196
Residential heating|Total,13.547297,13.547297,13.547297,13.213598,12.542797,13.218079,12.206976,12.396475,11.107759,11.000595,12.614741,11.2875,9.623153,8.515082,9.257848,9.534194,9.227877,10.032029,11.752613,10.077399,8.945636,9.631837,9.338854,9.534971,11.593563,12.90601,13.547297,11.341143,9.597899,8.71198,9.363636,9.7091675,4.728615,5.555048,7.5728216,5.687811,4.6787376,4.918782,5.891372,6.1601734,7.2403736,8.991868,10.412578,6.9622245,5.277009,3.7817297,4.830634,5.9723854,9.346592,11.044334,11.086352,6.664366,6.127277,3.603293,4.266858,5.27885,8.897991,10.435398,9.818957,7.7015004,5.0575476,5.442872,7.1462417,9.488935,8.878759,9.495504,8.283753,4.0159492,1.5836506,1.9970176,4.363592,6.649459,4.4580345,4.87364,5.6837435,2.3635626,0.5053192,0.71744144,0.43297622,2.524582,1.2870758,1.4768242,2.4813228,1.0423372,0.7572993,1.1359491,1.3185407,1.0813739,0.82199776,0.9284517,2.4434724,0.9765178,0.81708646,1.6541015,0.6837029,0.38419598,0.418568,0.73360974,2.355723,1.4329538,0.7174412,0.7634379,0.83395875,0.35993475,0.50945956,0.6469419,1.2443794,1.0642183,1.2156647,0.69751287,0.49983782,1.2683141,0.3550996,0.706552,3.2274754,1.3651317,0.68754816,0.5382227,0.7813199,0.737324,0.59550947,1.211117,2.5392437,1.5444925,0.43843657,0.33879155,1.0943127,0.9400314,2.3769827,3.150218,4.044394,2.5459614,1.1535187,1.2425504,1.2415388,1.0969357,0.2921539,1.3724866,2.684576,1.0102036,1.0695016,1.4022028,0.81044173,0.5434346,5.4538198,5.9071703,6.9311924,4.165722,2.7582932,2.1226346,3.2075012,4.4338546,5.3020387,5.6178274,6.6665773,3.2150092,2.478292,2.6752243,2.4168677,1.9920571,6.1391115,7.885992,9.231733,6.1997423,5.076065,5.3737564,5.3493886,5.881432,8.419422,9.500137,10.3762455,9.195412,8.80832,8.126526,8.226483,8.239874,9.833473,10.87988,11.960061,10.3617115,9.64864,9.559337,9.638004,10.492038,11.274237,12.436508,13.547297,12.475538,11.119291,10.944281,10.262028,10.286634
Residential heating|Biomass,0.0,0.0,0.0,0.0,0.0,0.0,0.0,0.0,0.0,0.0,0.0,0.0,0.0,0.0,0.0,0.0,0.0,0.0,0.0,0.0,0.0,0.0,0.0,0.0,0.0,0.0,0.0,0.0,0.0,0.0,0.0,0.0,0.0,0.0,0.0,0.0,0.0,0.0,0.0,0.0,0.0,0.0,0.0,0.0,0.0,0.0,0.0,0.0,0.0,0.0,0.0,0.0,0.0,0.0,0.0,0.0,0.0,0.0,0.0,0.0,0.0,0.0,0.0,0.0,0.0,0.0,0.0,0.0,0.0,0.0,0.0,0.0,0.0,0.0,0.0,0.0,0.0,0.0,0.0,0.0,0.0,0.0,0.0,0.0,0.0,0.0,0.0,0.0,0.0,0.0,0.0,0.0,0.0,0.0,0.0,0.0,0.0,0.0,0.0,0.0,0.0,0.0,0.0,0.0,0.0,0.0,0.0,0.0,0.0,0.0,0.0,0.0,0.0,0.0,0.0,0.0,0.0,0.0,0.0,0.0,0.0,0.0,0.0,0.0,0.0,0.0,0.0,0.0,0.0,0.0,0.0,0.0,0.0,0.0,0.0,0.0,0.0,0.0,0.0,0.0,0.0,0.0,0.0,0.0,0.0,0.0,0.0,0.0,0.0,0.0,0.0,0.0,0.0,0.0,0.0,0.0,0.0,0.0,0.0,0.0,0.0,0.0,0.0,0.0,0.0,0.0,0.0,0.0,0.0,0.0,0.0,0.0,0.0,0.0,0.0,0.0,0.0,0.0,0.0,0.0,0.0,0.0,0.0,0.0,0.0,0.0,0.0,0.0,0.0,0.0,0.0,0.0
Residential heating|Gas,6.5214734,6.5214734,6.5214734,6.5214734,6.5214734,6.5214734,6.5214734,5.8415,5.448344,5.0836015,5.697538,5.4065866,4.9279547,4.7309303,4.937039,4.8219833,4.5543504,4.951234,5.800415,4.9736257,4.4150524,4.7537217,4.6091223,4.705914,5.3006015,6.1823688,6.5214734,5.265324,5.0841064,4.8281074,4.937087,4.7918878,2.3337727,2.741653,3.73751,2.807177,2.3091562,2.4276285,2.907643,3.040308,3.5734327,4.43787,5.1390505,3.4361544,2.6044285,1.8664447,2.3841236,2.9476266,4.6129413,5.4508495,5.471587,3.2891486,3.0240722,1.7783786,2.1058762,2.6053374,4.3915377,5.1503134,4.8460736,3.8010185,2.4961152,2.6862893,3.5269747,4.6831937,4.3820457,4.6864357,4.088385,1.982042,0.781599,0.9856133,2.1536186,3.281791,2.2002301,2.4053488,2.8051696,1.1665188,0.24939655,0.35408792,0.2136922,1.2459886,0.6352267,0.72887564,1.2246385,0.5144378,0.37375948,0.56063926,0.650756,0.5337041,0.40569088,0.45823047,1.2059577,0.48195314,0.40326697,0.81636953,0.3374365,0.18961708,0.20658113,0.36206764,1.1626496,0.7072237,0.3540878,0.37678912,0.41159418,0.17764312,0.25144,0.31929338,0.6141542,0.5252371,0.5999823,0.3442523,0.24669126,0.625967,0.17525677,0.34871352,1.5928966,0.67375064,0.3393343,0.26563582,0.38561466,0.36390078,0.29390928,0.59773785,1.253225,0.7622728,0.21638712,0.16720806,0.54008996,0.46394554,1.1731422,1.5547668,1.9960808,1.2565404,0.5693106,0.6132515,0.61275226,0.5413845,0.14419039,0.67738056,1.3249526,0.49857852,0.5278446,0.6920468,0.3999875,0.26820815,2.6916924,2.91544,3.4208386,2.0559611,1.3613352,1.0476106,1.5830384,2.188296,2.616782,2.7726371,3.2902398,1.5867441,1.2231427,1.320337,1.1928272,0.9831651,3.029913,3.892073,4.556254,3.0598369,2.5052543,2.6521778,2.640151,2.9027371,4.1553435,4.679508,4.9921017,4.538327,4.347281,4.0107865,4.213711,4.0667286,4.8532376,5.345612,5.9027996,5.113946,4.7620144,4.71794,4.783512,5.1782675,5.564316,6.1379466,6.5214734,6.085091,5.71952,5.4014688,5.088184,5.0768924
Residential heating|Liquid petroleum products,7.025823,7.025823,7.025823,6.692125,6.021323,6.6966047,5.685502,6.5549755,5.659415,5.9169936,6.9172034,5.8809133,4.695198,3.7841523,4.320809,4.7122107,4.6735263,5.0807953,5.952198,5.1037736,4.5305834,4.878115,4.729732,4.8290567,6.292962,6.723641,7.025823,6.075818,4.513793,3.8838723,4.426549,4.9172797,2.394842,2.8133953,3.8353117,2.880634,2.3695812,2.4911537,2.9837291,3.1198654,3.6669407,4.553998,5.273527,3.52607,2.6725802,1.915285,2.4465103,3.0247588,4.733651,5.5934854,5.614765,3.3752174,3.1032047,1.8249145,2.160982,2.6735127,4.5064535,5.2850842,4.9728837,3.900482,2.5614324,2.756583,3.619267,4.805742,4.496713,4.8090687,4.1953683,2.0339072,0.80205154,1.0114044,2.2099736,3.3676677,2.2578046,2.468291,2.878574,1.1970438,0.25592265,0.36335355,0.21928401,1.2785932,0.65184903,0.7479485,1.2566843,0.5278994,0.38353986,0.5753098,0.6677847,0.5476698,0.41630685,0.47022125,1.2375147,0.49456468,0.4138195,0.83773196,0.3462664,0.1945789,0.21198685,0.3715421,1.1930734,0.72573006,0.36335343,0.3866488,0.4223646,0.18229161,0.25801957,0.32764852,0.6302252,0.53898126,0.6156824,0.35326055,0.25314656,0.6423471,0.17984281,0.3578385,1.6345788,0.6913811,0.34821388,0.27258688,0.39570525,0.3734232,0.3016002,0.6133792,1.2860188,0.78221965,0.22204944,0.17158349,0.55422276,0.47608587,1.2038405,1.5954512,2.0483134,1.2894211,0.5842081,0.62929887,0.6287865,0.55555123,0.1479635,0.69510597,1.3596234,0.5116251,0.54165703,0.71015596,0.4104542,0.2752265,2.7621274,2.99173,3.5103538,2.1097608,1.396958,1.075024,1.6244627,2.2455585,2.6852567,2.8451905,3.3763375,1.6282653,1.2551494,1.3548871,1.2240406,1.008892,3.1091983,3.993919,4.67548,3.1399055,2.5708108,2.7215788,2.7092376,2.978695,4.264079,4.820629,5.3841443,4.6570845,4.461039,4.115739,4.0127726,4.173145,4.980235,5.534268,6.0572615,5.2477655,4.886625,4.841397,4.8544917,5.3137703,5.7099204,6.298562,7.025823,6.3904476,5.3997707,5.5428123,5.1738443,5.2097425
Residential heating|Heat pumps|Total,0.0,0.0,0.0,0.0,0.0,0.0,0.0,0.0,0.0,0.0,0.0,0.0,0.0,0.0,0.0,0.0,0.0,0.0,0.0,0.0,0.0,0.0,0.0,0.0,0.0,0.0,0.0,0.0,0.0,0.0,0.0,0.0,0.0,0.0,0.0,0.0,0.0,0.0,0.0,0.0,0.0,0.0,0.0,0.0,0.0,0.0,0.0,0.0,0.0,0.0,0.0,0.0,0.0,0.0,0.0,0.0,0.0,0.0,0.0,0.0,0.0,0.0,0.0,0.0,0.0,0.0,0.0,0.0,0.0,0.0,0.0,0.0,0.0,0.0,0.0,0.0,0.0,0.0,0.0,0.0,0.0,0.0,0.0,0.0,0.0,0.0,0.0,0.0,0.0,0.0,0.0,0.0,0.0,0.0,0.0,0.0,0.0,0.0,0.0,0.0,0.0,0.0,0.0,0.0,0.0,0.0,0.0,0.0,0.0,0.0,0.0,0.0,0.0,0.0,0.0,0.0,0.0,0.0,0.0,0.0,0.0,0.0,0.0,0.0,0.0,0.0,0.0,0.0,0.0,0.0,0.0,0.0,0.0,0.0,0.0,0.0,0.0,0.0,0.0,0.0,0.0,0.0,0.0,0.0,0.0,0.0,0.0,0.0,0.0,0.0,0.0,0.0,0.0,0.0,0.0,0.0,0.0,0.0,0.0,0.0,0.0,0.0,0.0,0.0,0.0,0.0,0.0,0.0,0.0,0.0,0.0,0.0,0.0,0.0,0.0,0.0,0.0,0.0,0.0,0.0,0.0,0.0,0.0,0.0,0.0,0.0,0.0,0.0,0.0,0.0,0.0,0.0
Residential heating|Heat pumps|Air source,0.0,0.0,0.0,0.0,0.0,0.0,0.0,0.0,0.0,0.0,0.0,0.0,0.0,0.0,0.0,0.0,0.0,0.0,0.0,0.0,0.0,0.0,0.0,0.0,0.0,0.0,0.0,0.0,0.0,0.0,0.0,0.0,0.0,0.0,0.0,0.0,0.0,0.0,0.0,0.0,0.0,0.0,0.0,0.0,0.0,0.0,0.0,0.0,0.0,0.0,0.0,0.0,0.0,0.0,0.0,0.0,0.0,0.0,0.0,0.0,0.0,0.0,0.0,0.0,0.0,0.0,0.0,0.0,0.0,0.0,0.0,0.0,0.0,0.0,0.0,0.0,0.0,0.0,0.0,0.0,0.0,0.0,0.0,0.0,0.0,0.0,0.0,0.0,0.0,0.0,0.0,0.0,0.0,0.0,0.0,0.0,0.0,0.0,0.0,0.0,0.0,0.0,0.0,0.0,0.0,0.0,0.0,0.0,0.0,0.0,0.0,0.0,0.0,0.0,0.0,0.0,0.0,0.0,0.0,0.0,0.0,0.0,0.0,0.0,0.0,0.0,0.0,0.0,0.0,0.0,0.0,0.0,0.0,0.0,0.0,0.0,0.0,0.0,0.0,0.0,0.0,0.0,0.0,0.0,0.0,0.0,0.0,0.0,0.0,0.0,0.0,0.0,0.0,0.0,0.0,0.0,0.0,0.0,0.0,0.0,0.0,0.0,0.0,0.0,0.0,0.0,0.0,0.0,0.0,0.0,0.0,0.0,0.0,0.0,0.0,0.0,0.0,0.0,0.0,0.0,0.0,0.0,0.0,0.0,0.0,0.0,0.0,0.0,0.0,0.0,0.0,0.0
Residential heating|Heat pumps|Ground source,0.0,0.0,0.0,0.0,0.0,0.0,0.0,0.0,0.0,0.0,0.0,0.0,0.0,0.0,0.0,0.0,0.0,0.0,0.0,0.0,0.0,0.0,0.0,0.0,0.0,0.0,0.0,0.0,0.0,0.0,0.0,0.0,0.0,0.0,0.0,0.0,0.0,0.0,0.0,0.0,0.0,0.0,0.0,0.0,0.0,0.0,0.0,0.0,0.0,0.0,0.0,0.0,0.0,0.0,0.0,0.0,0.0,0.0,0.0,0.0,0.0,0.0,0.0,0.0,0.0,0.0,0.0,0.0,0.0,0.0,0.0,0.0,0.0,0.0,0.0,0.0,0.0,0.0,0.0,0.0,0.0,0.0,0.0,0.0,0.0,0.0,0.0,0.0,0.0,0.0,0.0,0.0,0.0,0.0,0.0,0.0,0.0,0.0,0.0,0.0,0.0,0.0,0.0,0.0,0.0,0.0,0.0,0.0,0.0,0.0,0.0,0.0,0.0,0.0,0.0,0.0,0.0,0.0,0.0,0.0,0.0,0.0,0.0,0.0,0.0,0.0,0.0,0.0,0.0,0.0,0.0,0.0,0.0,0.0,0.0,0.0,0.0,0.0,0.0,0.0,0.0,0.0,0.0,0.0,0.0,0.0,0.0,0.0,0.0,0.0,0.0,0.0,0.0,0.0,0.0,0.0,0.0,0.0,0.0,0.0,0.0,0.0,0.0,0.0,0.0,0.0,0.0,0.0,0.0,0.0,0.0,0.0,0.0,0.0,0.0,0.0,0.0,0.0,0.0,0.0,0.0,0.0,0.0,0.0,0.0,0.0,0.0,0.0,0.0,0.0,0.0,0.0
Residential heating|Electric heater,0.0,0.0,0.0,0.0,0.0,0.0,0.0,0.0,0.0,0.0,0.0,0.0,0.0,0.0,0.0,0.0,0.0,0.0,0.0,0.0,0.0,0.0,0.0,0.0,0.0,0.0,0.0,0.0,0.0,0.0,0.0,0.0,0.0,0.0,0.0,0.0,0.0,0.0,0.0,0.0,0.0,0.0,0.0,0.0,0.0,0.0,0.0,0.0,0.0,0.0,0.0,0.0,0.0,0.0,0.0,0.0,0.0,0.0,0.0,0.0,0.0,0.0,0.0,0.0,0.0,3.97e-13,0.0,0.0,0.0,0.0,0.0,0.0,0.0,0.0,0.0,0.0,0.0,0.0,0.0,0.0,0.0,0.0,0.0,0.0,0.0,0.0,0.0,0.0,0.0,0.0,0.0,0.0,0.0,0.0,0.0,0.0,0.0,0.0,0.0,0.0,0.0,0.0,0.0,0.0,0.0,0.0,0.0,0.0,0.0,0.0,0.0,0.0,0.0,0.0,0.0,0.0,0.0,0.0,0.0,0.0,0.0,0.0,0.0,0.0,0.0,0.0,0.0,0.0,0.0,0.0,0.0,0.0,0.0,0.0,0.0,0.0,0.0,0.0,0.0,0.0,0.0,0.0,0.0,0.0,0.0,0.0,0.0,0.0,0.0,0.0,0.0,0.0,0.0,0.0,0.0,0.0,0.0,0.0,0.0,0.0,0.0,0.0,0.0,0.0,0.0,0.0,0.0,0.0,0.0,0.0,0.0,0.0,0.0,0.0,0.0,0.0,0.0,0.0,0.0,0.0,0.0,0.0,0.0,0.0,0.0,0.0,0.0,0.0,0.0,0.0,0.0,0.0
Residential heating|Solar thermal,0.0,0.0,0.0,0.0,0.0,0.0,0.0,0.0,0.0,0.0,0.0,0.0,0.0,0.0,0.0,0.0,0.0,0.0,0.0,0.0,0.0,0.0,0.0,0.0,0.0,0.0,0.0,0.0,0.0,0.0,0.0,0.0,0.0,0.0,0.0,0.0,0.0,0.0,0.0,0.0,0.0,0.0,0.0,0.0,0.0,0.0,0.0,0.0,0.0,0.0,0.0,0.0,0.0,0.0,0.0,0.0,0.0,0.0,0.0,0.0,0.0,0.0,0.0,0.0,0.0,0.0,0.0,0.0,0.0,0.0,0.0,0.0,0.0,0.0,0.0,0.0,0.0,0.0,0.0,0.0,0.0,0.0,0.0,0.0,0.0,0.0,0.0,0.0,0.0,0.0,0.0,0.0,0.0,0.0,0.0,0.0,0.0,0.0,0.0,0.0,0.0,0.0,0.0,0.0,0.0,0.0,0.0,0.0,0.0,0.0,0.0,0.0,0.0,0.0,0.0,0.0,0.0,0.0,0.0,0.0,0.0,0.0,0.0,0.0,0.0,0.0,0.0,0.0,0.0,0.0,0.0,0.0,0.0,0.0,0.0,0.0,0.0,0.0,0.0,0.0,0.0,0.0,0.0,0.0,0.0,0.0,0.0,0.0,0.0,0.0,0.0,0.0,0.0,0.0,0.0,0.0,0.0,0.0,0.0,0.0,0.0,0.0,0.0,0.0,0.0,0.0,0.0,0.0,0.0,0.0,0.0,0.0,0.0,0.0,0.0,0.0,0.0,0.0,0.0,0.0,0.0,0.0,0.0,0.0,0.0,0.0,0.0,0.0,0.0,0.0,0.0,0.0
Distric heating|Total,1.9754472,1.9754472,1.9754472,1.9966494,2.091394,1.9874902,2.0904267,1.9754472,1.2585723,1.6329364,1.887267,1.3238468,1.7574184,1.4003179,1.8071523,1.9283447,1.4408655,1.5595864,1.3861594,1.5663579,1.3974413,1.4998574,1.4561294,1.9627786,1.445276,1.6602448,2.0261085,1.4591873,1.6174277,1.5162361,1.8383136,1.9829297,0.77389514,0.8972411,0.94600743,0.9372543,0.8280153,0.96516114,0.9676285,0.9817086,1.1095111,1.4043415,1.1390048,1.1014154,0.95100415,0.9445839,0.9318572,0.9536811,1.4572843,1.2332952,1.2395662,1.0569597,0.9767988,0.95821387,0.9676285,1.2713957,1.3903303,1.4120052,1.5219373,1.2117529,0.95100415,0.96516114,1.1288801,1.4785292,0.93445027,1.0027157,0.89940643,0.9372543,0.77603734,0.83773273,0.9676285,1.0488869,0.727663,0.79229146,0.916449,0.41506118,0.13771676,0.1693762,0.12691951,0.4390934,0.2543946,0.28271472,0.43263698,0.21786714,0.175325,0.23183881,0.25909078,0.22369342,0.1849813,0.20086965,0.42698777,0.20804356,0.19009624,0.3091735,0.16434067,0.11963902,0.12476906,0.17178932,0.4138911,0.276167,0.16937615,0.1762412,0.1867665,0.116018005,0.1383347,0.15885407,0.24802212,0.22113293,0.24373645,0.16640182,0.13689867,0.2515944,0.11529636,0.16775094,0.5440009,0.26604453,0.17076255,0.14262764,0.1789101,0.17234367,0.15117773,0.24305768,0.44128174,0.29281425,0.12773447,0.11286236,0.22562455,0.20844588,0.41706413,0.53247017,0.66592675,0.44228438,0.23446108,0.24774913,0.24759816,0.22601603,0.10590166,0.26714224,0.4629727,0.2130712,0.22192146,0.27157742,0.18325655,0.14340553,0.8762847,0.9310017,0.89940643,0.6721231,0.47397503,0.37910247,0.5351718,0.965784,0.85947925,0.90076303,0.63291216,0.54214036,0.43218464,0.46157694,0.42301702,0.8369924,0.96082544,0.97930783,1.4401417,0.96036434,0.95100415,0.96516114,0.9676285,0.9401062,1.3189034,1.4770684,1.1716032,1.43602,1.3769467,1.3334286,1.2448444,1.7694843,1.5299516,1.3545504,1.7557936,1.6087917,1.5030148,1.4890367,1.9702742,1.628243,1.7449869,1.918457,1.9739885,1.9966494,1.659435,1.6957408,1.6465607,1.6575037
Distric heating|Geothermal,0.0,0.0,0.0,0.0,0.0,0.0,0.0,0.0,0.0,0.0,0.0,0.0,0.0,0.0,0.0,0.0,0.0,0.0,0.0,0.0,0.0,0.0,0.0,0.0,0.0,0.0,0.0,0.0,0.0,0.0,0.0,0.0,0.0,0.0,0.0,0.0,0.0,0.0,0.0,0.0,0.0,0.0,0.0,0.0,0.0,0.0,0.0,0.0,0.0,0.0,0.0,0.0,0.0,0.0,0.0,0.0,0.0,0.0,0.0,0.0,0.0,0.0,0.0,0.0,0.0,0.0,0.0,0.0,0.0,0.0,0.0,0.0,0.0,0.0,0.0,0.0,0.0,0.0,0.0,0.0,0.0,0.0,0.0,0.0,0.0,0.0,0.0,0.0,0.0,0.0,0.0,0.0,0.0,0.0,0.0,0.0,0.0,0.0,0.0,0.0,0.0,0.0,0.0,0.0,0.0,0.0,0.0,0.0,0.0,0.0,0.0,0.0,0.0,0.0,0.0,0.0,0.0,0.0,0.0,0.0,0.0,0.0,0.0,0.0,0.0,0.0,0.0,0.0,0.0,0.0,0.0,0.0,0.0,0.0,0.0,0.0,0.0,0.0,0.0,0.0,0.0,0.0,0.0,0.0,0.0,0.0,0.0,0.0,0.0,0.0,0.0,0.0,0.0,0.0,0.0,0.0,0.0,0.0,0.0,0.0,0.0,0.0,0.0,0.0,0.0,0.0,0.0,0.0,0.0,0.0,0.0,0.0,0.0,0.0,0.0,0.0,0.0,0.0,0.0,0.0,0.0,0.0,0.0,0.0,0.0,0.0,0.0,0.0,0.0,0.0,0.0,0.0
Distric heating|CHP|Total,1.9754472,1.9754472,1.9754472,1.9966494,2.091394,1.9874902,2.0904267,1.9754472,1.2585723,1.6329364,1.887267,1.3238468,1.7574184,1.4003179,1.8071523,1.9283447,1.4408655,1.5595864,1.3861594,1.5663579,1.3974413,1.4998574,1.4561294,1.9627786,1.445276,1.6602448,2.0261085,1.4591873,1.6174277,1.5162361,1.8383136,1.9829297,0.77389514,0.8972411,0.94600743,0.9372543,0.8280153,0.96516114,0.9676285,0.9817086,1.1095111,1.4043415,1.1390048,1.1014154,0.95100415,0.9445839,0.9318572,0.9536811,1.4572843,1.2332952,1.2395662,1.0569597,0.9767988,0.95821387,0.9676285,1.2713957,1.3903303,1.4120052,1.5219373,1.2117529,0.95100415,0.96516114,1.1288801,1.4785292,0.93445027,1.0027157,0.89940643,0.9372543,0.77603734,0.83773273,0.9676285,1.0488869,0.727663,0.79229146,0.916449,0.41506118,0.13771676,0.1693762,0.12691951,0.4390934,0.2543946,0.28271472,0.43263698,0.21786714,0.175325,0.23183881,0.25909078,0.22369342,0.1849813,0.20086965,0.42698777,0.20804356,0.19009624,0.3091735,0.16434067,0.11963902,0.12476906,0.17178932,0.4138911,0.276167,0.16937615,0.1762412,0.1867665,0.116018005,0.1383347,0.15885407,0.24802212,0.22113293,0.24373645,0.16640182,0.13689867,0.2515944,0.11529636,0.16775094,0.5440009,0.26604453,0.17076255,0.14262764,0.1789101,0.17234367,0.15117773,0.24305768,0.44128174,0.29281425,0.12773447,0.11286236,0.22562455,0.20844588,0.41706413,0.53247017,0.66592675,0.44228438,0.23446108,0.24774913,0.24759816,0.22601603,0.10590166,0.26714224,0.4629727,0.2130712,0.22192146,0.27157742,0.18325655,0.14340553,0.8762847,0.9310017,0.89940643,0.6721231,0.47397503,0.37910247,0.5351718,0.965784,0.85947925,0.90076303,0.63291216,0.54214036,0.43218464,0.46157694,0.42301702,0.8369924,0.96082544,0.97930783,1.4401417,0.96036434,0.95100415,0.96516114,0.9676285,0.9401062,1.3189034,1.4770684,1.1716032,1.43602,1.3769467,1.3334286,1.2448444,1.7694843,1.5299516,1.3545504,1.7557936,1.6087917,1.5030148,1.4890367,1.9702742,1.628243,1.7449869,1.918457,1.9739885,1.9966494,1.659435,1.6957408,1.6465607,1.6575037
Distric heating|CHP|Gas,1.1479704,1.1479704,1.1479704,1.1479704,1.1479704,1.1479704,1.1479704,1.1479704,0.3897717,0.77731067,1.0612489,0.43413895,0.94268537,0.52883434,0.9330338,1.0552802,0.5720649,0.7039607,0.5601413,0.71767896,0.5371205,0.62837386,0.582011,1.0897142,0.5467481,0.7845933,1.1479704,0.5842305,0.728721,0.6511466,0.9329825,1.0872568,0.062297437,0.062297437,0.062297437,0.062297437,0.062297437,0.062297437,0.062297437,0.062297437,0.21098314,0.552575,0.21879293,0.2264585,0.062297437,0.062297437,0.062297437,0.062297437,0.621282,0.35764363,0.3193544,0.18200289,0.088092074,0.062297437,0.062297437,0.3679092,0.5749052,0.53635365,0.60378313,0.3367961,0.062297437,0.062297437,0.22354908,0.58199,0.062297437,0.062297437,0.062297437,0.062297437,0.062297437,0.062297437,0.062297437,0.062297437,0.062297437,0.062297437,0.062297437,0.062297437,0.062297437,0.062297437,0.062297437,0.062297437,0.062297437,0.062297437,0.062297437,0.062297437,0.062297437,0.062297437,0.062297437,0.062297437,0.062297437,0.062297437,0.062297437,0.062297437,0.062297437,0.062297437,0.062297437,0.062297437,0.062297437,0.062297437,0.062297437,0.062297437,0.062297437,0.062297437,0.062297437,0.062297437,0.062297437,0.062297437,0.062297437,0.062297437,0.062297437,0.062297437,0.062297437,0.062297437,0.062297437,0.062297437,0.062297437,0.062297437,0.062297437,0.062297437,0.062297437,0.062297437,0.062297437,0.062297437,0.062297437,0.062297437,0.062297437,0.062297437,0.062297437,0.062297437,0.062297437,0.062297437,0.062297437,0.062297437,0.062297437,0.062297437,0.062297437,0.062297437,0.062297437,0.062297437,0.062297437,0.062297437,0.062297437,0.062297437,0.062297437,0.062297437,0.062297437,0.062297437,0.062297437,0.062297437,0.062297437,0.062297437,0.062297437,0.062297437,0.062297437,0.062297437,0.062297437,0.062297437,0.062297437,0.062297437,0.062297437,0.062297437,0.062297437,0.10365631,0.60303265,0.062297437,0.062297437,0.062297437,0.062297437,0.062297437,0.51262856,0.6214428,0.2893121,0.58734107,0.516626,0.46194506,0.370726,0.8964198,0.7236767,0.49892467,0.87350243,0.76011276,0.6426941,0.6175532,1.0961558,0.7551786,0.8761863,1.0628313,1.1479704,1.1479704,0.7991142,0.8242573,0.7724422,0.78443927
Distric heating|CHP|Oil,0.0,0.0,0.0,0.0,0.0,0.0,0.0,0.0,0.0,0.0,0.0,0.0,0.0,0.0,0.0,0.0,0.0,0.0,0.0,0.0,0.0,0.0,0.0,0.0,0.0,0.0,0.0,0.0,0.0,0.0,0.0,0.0,0.0,0.0,0.0,0.0,0.0,0.0,0.0,0.0,0.0,0.0,0.0,0.0,0.0,0.0,0.0,0.0,0.0,0.0,0.0,0.0,0.0,0.0,0.0,0.0,0.0,0.0,0.0,0.0,0.0,0.0,0.0,0.0,0.0,0.0,0.0,0.0,0.0,0.0,0.0,0.0,0.0,0.0,0.0,0.0,0.0,0.0,0.0,0.0,0.0,0.0,0.0,0.0,0.0,0.0,0.0,0.0,0.0,0.0,0.0,0.0,0.0,0.0,0.0,0.0,0.0,0.0,0.0,0.0,0.0,0.0,0.0,0.0,0.0,0.0,0.0,0.0,0.0,0.0,0.0,0.0,0.0,0.0,0.0,0.0,0.0,0.0,0.0,0.0,0.0,0.0,0.0,0.0,0.0,0.0,0.0,0.0,0.0,0.0,0.0,0.0,0.0,0.0,0.0,0.0,0.0,0.0,0.0,0.0,0.0,0.0,0.0,0.0,0.0,0.0,0.0,0.0,0.0,0.0,0.0,0.0,0.0,0.0,0.0,0.0,0.0,0.0,0.0,0.0,0.0,0.0,0.0,0.0,0.0,0.0,0.0,0.0,0.0,0.0,0.0,0.0,0.0,0.0,0.0,0.0,0.0,0.0,0.0,0.0,0.0,0.0,0.0,0.0,0.0,0.0,0.0,0.0,0.0,0.0,0.0,0.0
Distric heating|CHP|Wood,0.0,0.0,0.0,0.0,0.0,0.0,0.0,0.0,0.0,0.0,0.0,0.0,0.0,0.0,0.0,0.0,0.0,0.0,0.0,0.0,0.0,0.0,0.0,0.0,0.0,0.0,0.0,0.0,0.0,0.0,0.0,0.0,0.0,0.0,0.0,0.0,0.0,0.0,0.0,0.0,0.0,0.0,0.0,0.0,0.0,0.0,0.0,0.0,0.0,0.0,0.0,0.0,0.0,0.0,0.0,0.0,0.0,0.0,0.0,0.0,0.0,0.0,0.0,0.0,0.0,0.0,0.0,0.0,0.0,0.0,0.0,0.0,0.0,0.0,0.0,0.0,0.0,0.0,0.0,0.0,0.0,0.0,0.0,0.0,0.0,0.0,0.0,0.0,0.0,0.0,0.0,0.0,0.0,0.0,0.0,0.0,0.0,0.0,0.0,0.0,0.0,0.0,0.0,0.0,0.0,0.0,0.0,0.0,0.0,0.0,0.0,0.0,0.0,0.0,0.0,0.0,0.0,0.0,0.0,0.0,0.0,0.0,0.0,0.0,0.0,0.0,0.0,0.0,0.0,0.0,0.0,0.0,0.0,0.0,0.0,0.0,0.0,0.0,0.0,0.0,0.0,0.0,0.0,0.0,0.0,0.0,0.0,0.0,0.0,0.0,0.0,0.0,0.0,0.0,0.0,0.0,0.0,0.0,0.0,0.0,0.0,0.0,0.0,0.0,0.0,0.0,0.0,0.0,0.0,0.0,0.0,0.0,0.0,0.0,0.0,0.0,0.0,0.0,0.0,0.0,0.0,0.0,0.0,0.0,0.0,0.0,0.0,0.0,0.0,0.0,0.0,0.0
Distric heating|CHP|Waste,0.8274767,0.8274767,0.8274767,0.84867895,0.9434236,0.8395197,0.9424563,0.8274767,0.8688006,0.8556257,0.8260181,0.8897079,0.81473297,0.8714835,0.87411845,0.87306446,0.8688006,0.8556257,0.8260181,0.84867895,0.86032075,0.8714835,0.87411845,0.87306446,0.898528,0.87565154,0.878138,0.87495685,0.8887067,0.8650895,0.905331,0.8956729,0.7115977,0.83494365,0.88370997,0.87495685,0.76571786,0.9028637,0.905331,0.9194111,0.898528,0.8517664,0.92021185,0.87495685,0.8887067,0.8822864,0.86955976,0.89138365,0.83600235,0.87565154,0.92021185,0.87495685,0.8887067,0.8959164,0.905331,0.90348655,0.8154251,0.87565154,0.9181541,0.87495685,0.8887067,0.9028637,0.905331,0.8965392,0.8721528,0.94041824,0.83710897,0.87495685,0.7137399,0.77543527,0.905331,0.98658943,0.6653655,0.729994,0.85415155,0.35276374,0.07541932,0.10707875,0.064622074,0.37679598,0.19209716,0.22041728,0.37033954,0.1555697,0.11302757,0.16954137,0.19679333,0.16139598,0.12268386,0.13857222,0.36469033,0.14574613,0.12779881,0.24687606,0.10204324,0.05734158,0.06247163,0.109491885,0.35159367,0.21386957,0.107078716,0.11394376,0.124469064,0.053720567,0.07603727,0.09655663,0.18572469,0.1588355,0.18143901,0.104104385,0.074601226,0.18929696,0.05299892,0.1054535,0.4817035,0.20374708,0.10846511,0.0803302,0.116612665,0.11004623,0.0888803,0.18076025,0.3789843,0.23051682,0.065437034,0.050564926,0.16332711,0.14614844,0.3547667,0.47017273,0.6036293,0.37998694,0.17216365,0.1854517,0.18530072,0.1637186,0.043604217,0.20484479,0.40067527,0.15077376,0.15962403,0.20927997,0.12095912,0.081108086,0.81398726,0.86870426,0.83710897,0.6098256,0.4116776,0.31680503,0.47287434,0.90348655,0.7971818,0.8384656,0.5706147,0.4798429,0.3698872,0.3992795,0.3607196,0.7746949,0.898528,0.87565154,0.83710897,0.8980669,0.8887067,0.9028637,0.905331,0.87780875,0.80627495,0.8556257,0.88229114,0.84867895,0.86032075,0.8714835,0.87411845,0.87306446,0.80627495,0.8556257,0.88229114,0.84867895,0.86032075,0.8714835,0.87411845,0.87306446,0.8688006,0.8556257,0.8260181,0.84867895,0.86032075,0.8714835,0.87411845,0.87306446
Distric heating|Solar thermal,0.0,0.0,0.0,0.0,0.0,0.0,0.0,0.0,0.0,0.0,0.0,0.0,0.0,0.0,0.0,0.0,0.0,0.0,0.0,0.0,0.0,0.0,0.0,0.0,0.0,0.0,0.0,0.0,0.0,0.0,0.0,0.0,0.0,0.0,0.0,0.0,0.0,0.0,0.0,0.0,0.0,0.0,0.0,0.0,0.0,0.0,0.0,0.0,0.0,0.0,0.0,0.0,0.0,0.0,0.0,0.0,0.0,0.0,0.0,0.0,0.0,0.0,0.0,0.0,0.0,0.0,0.0,0.0,0.0,0.0,0.0,0.0,0.0,0.0,0.0,0.0,0.0,0.0,0.0,0.0,0.0,0.0,0.0,0.0,0.0,0.0,0.0,0.0,0.0,0.0,0.0,0.0,0.0,0.0,0.0,0.0,0.0,0.0,0.0,0.0,0.0,0.0,0.0,0.0,0.0,0.0,0.0,0.0,0.0,0.0,0.0,0.0,0.0,0.0,0.0,0.0,0.0,0.0,0.0,0.0,0.0,0.0,0.0,0.0,0.0,0.0,0.0,0.0,0.0,0.0,0.0,0.0,0.0,0.0,0.0,0.0,0.0,0.0,0.0,0.0,0.0,0.0,0.0,0.0,0.0,0.0,0.0,0.0,0.0,0.0,0.0,0.0,0.0,0.0,0.0,0.0,0.0,0.0,0.0,0.0,0.0,0.0,0.0,0.0,0.0,0.0,0.0,0.0,0.0,0.0,0.0,0.0,0.0,0.0,0.0,0.0,0.0,0.0,0.0,0.0,0.0,0.0,0.0,0.0,0.0,0.0,0.0,0.0,0.0,0.0,0.0,0.0
Industrial heating|Total,5.769203,5.767269,5.7215624,4.7763433,4.8571606,5.2177086,4.958773,5.896534,5.223808,5.423273,5.871526,5.4841366,5.401423,5.1831894,5.1432962,5.1592536,5.223808,5.423273,5.871526,5.5284452,5.352191,5.1831894,5.1432962,5.1592536,4.7737417,5.120086,5.6593037,5.1306033,4.922434,4.7488937,4.6707454,4.707109,5.366564,5.538838,4.8029985,5.0111094,4.9024343,4.7006598,4.7577653,4.7985315,5.4622774,5.315365,4.8159585,5.033332,4.9051957,4.7358456,4.7519517,4.8359547,5.624193,5.224226,4.938618,4.514163,4.8454876,4.926329,4.6407146,5.1673727,5.6446495,5.2309723,4.852043,4.5465508,4.963901,4.6234374,4.7028365,5.340827,4.8602715,5.0132265,5.5000763,5.08826,5.017608,4.8546047,4.7577653,4.688089,4.5405493,4.828524,5.2115445,4.776743,4.354865,4.28796,4.234461,4.4049125,4.5405493,4.770478,5.2140136,4.817974,4.354865,4.2453403,4.234461,4.442125,4.5405493,4.8285236,5.2115445,4.761838,4.354865,4.2453403,4.23693,4.440215,4.5405493,4.770478,5.2115445,4.754521,4.354865,4.2453403,4.234461,4.505578,4.5405493,4.770478,5.2115445,4.754521,4.354865,4.2453403,4.335126,4.427135,4.5405493,4.828524,5.2115445,4.754521,4.354865,4.2453403,4.27708,4.449357,4.834257,5.1292377,5.5191593,4.6758094,4.8731976,4.8785887,4.7577653,5.1472445,5.081611,5.080702,5.5000763,4.9241905,4.938651,4.7846117,4.7577653,4.7170634,4.831788,5.080702,5.5000763,5.0882607,4.938651,4.7846117,4.7577653,4.777835,5.181268,5.585984,4.9840894,5.1016397,4.922434,4.7081,4.5468125,4.754533,5.482533,5.3143587,5.0370293,5.0210834,4.867505,4.7081,4.4569626,5.0009565,5.4994197,5.23219,5.438023,4.7186832,4.861705,4.7846117,4.3692007,4.943755,5.421674,5.386525,5.8107543,5.4929996,5.3137436,5.1831894,5.1432962,5.1592536,5.291332,5.423273,5.810755,5.5284452,5.352191,5.1831894,5.1432962,5.1592536,5.2689962,5.423273,5.705853,5.301119,5.505682,5.1831894,5.187741,5.3527956
Industrial heating|Geothermal,0.000201,0.000201,0.000201,0.000201,0.000201,0.000201,0.000201,0.000201,0.000201,0.000201,0.000201,0.000201,0.000201,0.000201,0.000201,0.000201,0.000201,0.000201,0.000201,0.000201,0.000201,0.000201,0.000201,0.000201,0.000201,0.000201,0.000201,0.000201,0.000201,0.000201,0.000201,0.000201,0.000201,0.000201,0.000201,0.000201,0.000201,0.000201,0.000201,0.000201,0.000201,0.000201,0.000201,0.000201,0.000201,0.000201,0.000201,0.000201,0.000201,0.000201,0.000201,0.000201,0.000201,0.000201,0.000201,0.000201,0.000201,0.000201,0.000201,0.000201,0.000201,0.000201,0.000201,0.000201,0.0,0.0,0.0,0.0,0.0,0.0,0.0,0.0,0.0,0.0,0.0,0.0,0.0,0.0,0.0,0.0,0.0,0.0,0.0,0.0,0.0,0.0,0.0,0.0,0.0,0.0,0.0,0.0,0.0,0.0,0.0,0.0,0.0,0.0,0.0,0.0,0.0,0.0,0.0,0.0,0.0,0.0,0.0,0.0,0.0,0.0,0.0,0.0,0.0,0.0,0.0,0.0,0.0,0.0,0.0,0.0,0.0,0.0,0.0,0.0,0.0,0.0,0.0,0.0,0.0,0.0,0.0,0.0,0.0,0.0,0.0,0.0,0.0,0.0,0.0,0.0,0.0,0.0,0.0,0.0,0.0,8.05e-05,0.000201,0.000201,0.000201,0.000201,0.000201,0.000201,0.000201,0.000201,0.000201,0.000201,0.000201,0.000201,0.000201,0.000201,0.000201,0.000201,0.000201,0.000201,0.000201,0.000201,0.000201,0.000201,0.000201,0.000201,0.000201,0.000201,0.000201,0.000201,0.000201,0.000201,0.000201,0.000201,0.000201,0.000201,0.000201,0.000201,0.000201,0.000201,0.000201,0.000201,0.000201,0.000201,0.000201,0.000201,0.000201,0.000201
Industrial heating|Solar thermal,0.0,0.0,0.0,0.0,0.0,0.0,0.0,0.0,0.0,0.0,0.0,0.0,0.0,0.0,0.0,0.0,0.0,0.0,0.0,0.0,0.0,0.0,0.0,0.0,0.0,0.0,0.0,0.0,0.0,0.0,0.0,0.0,0.0,0.0,0.0,0.0,0.0,0.0,0.0,0.0,0.0,0.0,0.0,0.0,0.0,0.0,0.0,0.0,0.0,0.0,0.0,0.0,0.0,0.0,0.0,0.0,0.0,0.0,0.0,0.0,0.0,0.0,0.0,0.0,0.0,0.0,0.0,0.0,0.0,0.0,0.0,0.0,0.0,0.0,0.0,0.0,0.0,0.0,0.0,0.0,0.0,0.0,0.0,0.0,0.0,0.0,0.0,0.0,0.0,0.0,0.0,0.0,0.0,0.0,0.0,0.0,0.0,0.0,0.0,0.0,0.0,0.0,0.0,0.0,0.0,0.0,0.0,0.0,0.0,0.0,0.0,0.0,0.0,0.0,0.0,0.0,0.0,0.0,0.0,0.0,0.0,0.0,0.0,0.0,0.0,0.0,0.0,0.0,0.0,0.0,0.0,0.0,0.0,0.0,0.0,0.0,0.0,0.0,0.0,0.0,0.0,0.0,0.0,0.0,0.0,0.0,0.0,0.0,0.0,0.0,0.0,0.0,0.0,0.0,0.0,0.0,0.0,0.0,0.0,0.0,0.0,0.0,0.0,0.0,0.0,0.0,0.0,0.0,0.0,0.0,0.0,0.0,0.0,0.0,0.0,0.0,0.0,0.0,0.0,0.0,0.0,0.0,0.0,0.0,0.0,0.0,0.0,0.0,0.0,0.0,0.0,0.0
Industrial heating|Electric heater,1.4744672,1.4725329,1.330153,0.33253825,0.5652566,0.86113626,0.7882078,1.6017977,0.9736991,1.1589361,1.5752146,1.2566063,1.0929244,0.9359781,0.89893055,0.91374946,0.9736991,1.1589361,1.5752146,1.2566063,1.0929244,0.9359781,0.89893055,0.91374946,0.5960768,0.8773758,1.4192784,0.8871428,0.69233394,0.55358285,0.52940106,0.54747874,1.5517776,1.3496832,0.5512848,0.74994296,0.67233396,0.49717385,0.52940106,0.5853732,1.2265664,1.0291542,0.6036646,0.7721652,0.65887815,0.48259443,0.48495662,0.5925283,1.4253781,1.3106717,0.72632456,0.25299633,0.6153874,0.6877977,0.41235068,0.93701684,1.418526,1.3124373,0.6375273,0.28538454,0.73380095,0.46892026,0.47447225,1.1088834,1.4034803,1.6147469,1.7460845,1.3877891,1.1744789,1.1170424,1.3368046,1.1109383,1.1288755,1.1565053,1.7316793,1.0697744,0.71012795,0.89497924,0.84462065,0.77650386,1.1288755,1.3424032,1.6642308,1.0657789,0.87512195,0.8547245,0.6006768,0.81240237,0.96912163,1.3191345,1.4202869,1.2535866,0.95643663,0.6107806,0.76577514,0.7129582,1.0475608,1.0171447,1.6642308,1.0023258,0.6311781,0.77340984,0.6006768,1.1035795,0.9925279,1.3424032,1.7316793,1.0697744,0.6311781,0.77340984,0.70134217,1.0251365,1.1288755,1.1565053,1.5016015,1.3275844,0.7124927,0.6107806,0.8872401,1.0473586,1.080691,1.5949101,1.7910953,0.896788,1.1090254,1.373649,1.011546,1.3990331,1.2605213,1.3024306,1.6801813,1.1451694,1.1744789,1.0357279,1.011546,1.0296237,1.0782218,1.3024306,1.6801813,1.309239,1.1744789,1.0357279,1.011546,1.0296237,1.3601781,1.8001294,1.0213683,1.2292521,1.1580603,0.65785146,0.56770694,1.0061206,1.6612415,1.4965018,0.8536476,0.75991684,0.6374051,0.55358285,0.4767052,1.2033123,1.2723691,1.1001251,1.1359833,0.4824742,0.6153874,0.55358285,0.14083666,0.7294288,1.086335,0.97980815,1.3067366,1.0491948,0.93209356,0.86113626,0.83531106,0.8456411,0.98286736,1.1589361,1.5752146,1.2566063,1.0929244,0.9359781,0.89893055,0.91374946,1.0188872,1.1589361,1.4095416,1.02928,1.2464155,0.9359781,0.943375,1.1072918
Industrial heating|CHP|Total,0.56342405,0.56342405,0.56342405,0.54052687,0.43820834,0.5504184,0.439253,0.56342405,0.51879674,0.53302485,0.5649992,0.49621806,0.57718647,0.51589936,0.5130537,0.514192,0.51879674,0.53302485,0.5649992,0.54052687,0.52795446,0.51589936,0.5130537,0.514192,0.48669297,0.51139814,0.5087129,0.5121483,0.49729937,0.5228045,0.47934607,0.48977622,0.5424488,0.55536014,0.5026955,0.5121483,0.49729937,0.48201063,0.47934607,0.4641404,0.48669297,0.5371926,0.46327567,0.5121483,0.49729937,0.5042328,0.5179769,0.4944084,0.55421686,0.51139814,0.46327567,0.5121483,0.49729937,0.48951328,0.47934607,0.48133802,0.576439,0.51139814,0.46549788,0.5121483,0.49729937,0.48201063,0.47934607,0.4888407,0.18991804,0.13160674,0.48711842,0.43359813,0.5762563,0.47068903,0.15408754,0.31027728,0.14480048,0.4051455,0.21299201,0.4400955,0.37786406,0.12610763,0.122966826,0.36153573,0.14480048,0.16120161,0.28290975,0.4853219,0.21287005,0.12374289,0.36691073,0.36284956,0.30455425,0.24251623,0.5243845,0.241378,0.13155542,0.36768678,0.20428145,0.46038392,0.22611512,0.48646015,0.2804406,0.4853219,0.45681396,0.20505752,0.36691073,0.13512538,0.28114802,0.16120161,0.21299201,0.41787332,0.45681396,0.20505752,0.36691073,0.13512538,0.14480048,0.4051455,0.44306985,0.16006337,0.3754993,0.36768678,0.122966826,0.13512538,0.48669297,0.26745424,0.4611906,0.5121483,0.49729937,0.23806672,0.47934607,0.48133802,0.55421686,0.51139814,0.5530218,0.5121483,0.49729937,0.48201063,0.47934607,0.42056653,0.48669297,0.51139814,0.5530218,0.5121483,0.49729937,0.48201063,0.47934607,0.48133802,0.55421686,0.51890075,0.5530218,0.5121483,0.49729937,0.48201063,0.41182217,0.48133802,0.55421686,0.51139814,0.5154653,0.5121483,0.49729937,0.48201063,0.41182217,0.5305701,0.48669297,0.51139814,0.5530218,0.48719093,0.49729937,0.48201063,0.47934607,0.5090684,0.58632064,0.53302485,0.50422776,0.54052687,0.52795446,0.51589936,0.5130537,0.514192,0.58632064,0.53302485,0.50422776,0.54052687,0.52795446,0.51589936,0.5130537,0.514192,0.51879674,0.53302485,0.5649992,0.54052687,0.52795446,0.51589936,0.5130537,0.514192
Industrial heating|CHP|Gas,0.0,0.0,0.0,0.0,0.0,0.0,0.0,0.0,0.0,0.0,0.0,0.0,0.0,0.0,0.0,0.0,0.0,0.0,0.0,0.0,0.0,0.0,0.0,0.0,0.0,0.0,0.0,0.0,0.0,0.0,0.0,0.0,0.0,0.0,0.0,0.0,0.0,0.0,0.0,0.0,0.0,0.0,0.0,0.0,0.0,0.0,0.0,0.0,0.0,0.0,0.0,0.0,0.0,0.0,0.0,0.0,0.0,0.0,0.0,0.0,0.0,0.0,0.0,0.0,0.0,0.0,0.0,0.0,0.0,0.0,0.0,0.0,0.0,0.0,0.0,0.0,0.0,0.0,0.0,0.0,0.0,0.0,0.0,0.0,0.0,0.0,0.0,0.0,0.0,0.0,0.0,0.0,0.0,0.0,0.0,0.0,0.0,0.0,0.0,0.0,0.0,0.0,0.0,0.0,0.0,0.0,0.0,0.0,0.0,0.0,0.0,0.0,0.0,0.0,0.0,0.0,0.0,0.0,0.0,0.0,0.0,0.0,0.0,0.0,0.0,0.0,0.0,0.0,0.0,0.0,0.0,0.0,0.0,0.0,0.0,0.0,0.0,0.0,0.0,0.0,0.0,0.0,0.0,0.0,0.0,0.0,0.0,0.0,0.0,0.0,0.0,0.0,0.0,0.0,0.0,0.0,0.0,0.0,0.0,0.0,0.0,0.0,0.0,0.0,0.0,0.0,0.0,0.0,0.0,0.0,0.0,0.0,0.0,0.0,0.0,0.0,0.0,0.0,0.0,0.0,0.0,0.0,0.0,0.0,0.0,0.0,0.0,0.0,0.0,0.0,0.0,0.0
Industrial heating|CHP|Hydrogen,0.0,0.0,0.0,0.0,0.0,0.0,0.0,0.0,0.0,0.0,0.0,0.0,0.0,0.0,0.0,0.0,0.0,0.0,0.0,0.0,0.0,0.0,0.0,0.0,0.0,0.0,0.0,0.0,0.0,0.0,0.0,0.0,0.0,0.0,0.0,0.0,0.0,0.0,0.0,0.0,0.0,0.0,0.0,0.0,0.0,0.0,0.0,0.0,0.0,0.0,0.0,0.0,0.0,0.0,0.0,0.0,0.0,0.0,0.0,0.0,0.0,0.0,0.0,0.0,0.0,0.0,0.0,0.0,0.0,0.0,0.0,0.0,0.0,0.0,0.0,0.0,0.0,0.0,0.0,0.0,0.0,0.0,0.0,0.0,0.0,0.0,0.0,0.0,0.0,0.0,0.0,0.0,0.0,0.0,0.0,0.0,0.0,0.0,0.0,0.0,0.0,0.0,0.0,0.0,0.0,0.0,0.0,0.0,0.0,0.0,0.0,0.0,0.0,0.0,0.0,0.0,0.0,0.0,0.0,0.0,0.0,0.0,0.0,0.0,0.0,0.0,0.0,0.0,0.0,0.0,0.0,0.0,0.0,0.0,0.0,0.0,0.0,0.0,0.0,0.0,0.0,0.0,0.0,0.0,0.0,0.0,0.0,0.0,0.0,0.0,0.0,0.0,0.0,0.0,0.0,0.0,0.0,0.0,0.0,0.0,0.0,0.0,0.0,0.0,0.0,0.0,0.0,0.0,0.0,0.0,0.0,0.0,0.0,0.0,0.0,0.0,0.0,0.0,0.0,0.0,0.0,0.0,0.0,0.0,0.0,0.0,0.0,0.0,0.0,0.0,0.0,0.0
Industrial heating|CHP|Wood,0.0,0.0,0.0,0.0,0.0,0.0,0.0,0.0,0.0,0.0,0.0,0.0,0.0,0.0,0.0,0.0,0.0,0.0,0.0,0.0,0.0,0.0,0.0,0.0,0.0,0.0,0.0,0.0,0.0,0.0,0.0,0.0,0.0,0.0,0.0,0.0,0.0,0.0,0.0,0.0,0.0,0.0,0.0,0.0,0.0,0.0,0.0,0.0,0.0,0.0,0.0,0.0,0.0,0.0,0.0,0.0,0.0,0.0,0.0,0.0,0.0,0.0,0.0,0.0,0.0,0.0,0.0,0.0,0.0,0.0,0.0,0.0,0.0,0.0,0.0,0.0,0.0,0.0,0.0,0.0,0.0,0.0,0.0,0.0,0.0,0.0,0.0,0.0,0.0,0.0,0.0,0.0,0.0,0.0,0.0,0.0,0.0,0.0,0.0,0.0,0.0,0.0,0.0,0.0,0.0,0.0,0.0,0.0,0.0,0.0,0.0,0.0,0.0,0.0,0.0,0.0,0.0,0.0,0.0,0.0,0.0,0.0,0.0,0.0,0.0,0.0,0.0,0.0,0.0,0.0,0.0,0.0,0.0,0.0,0.0,0.0,0.0,0.0,0.0,0.0,0.0,0.0,0.0,0.0,0.0,0.0,0.0,0.0,0.0,0.0,0.0,0.0,0.0,0.0,0.0,0.0,0.0,0.0,0.0,0.0,0.0,0.0,0.0,0.0,0.0,0.0,0.0,0.0,0.0,0.0,0.0,0.0,0.0,0.0,0.0,0.0,0.0,0.0,0.0,0.0,0.0,0.0,0.0,0.0,0.0,0.0,0.0,0.0,0.0,0.0,0.0,0.0
Industrial heating|CHP|Waste,0.56342405,0.56342405,0.56342405,0.54052687,0.43820834,0.5504184,0.439253,0.56342405,0.51879674,0.53302485,0.5649992,0.49621806,0.57718647,0.51589936,0.5130537,0.514192,0.51879674,0.53302485,0.5649992,0.54052687,0.52795446,0.51589936,0.5130537,0.514192,0.48669297,0.51139814,0.5087129,0.5121483,0.49729937,0.5228045,0.47934607,0.48977622,0.5424488,0.55536014,0.5026955,0.5121483,0.49729937,0.48201063,0.47934607,0.4641404,0.48669297,0.5371926,0.46327567,0.5121483,0.49729937,0.5042328,0.5179769,0.4944084,0.55421686,0.51139814,0.46327567,0.5121483,0.49729937,0.48951328,0.47934607,0.48133802,0.576439,0.51139814,0.46549788,0.5121483,0.49729937,0.48201063,0.47934607,0.4888407,0.18991804,0.13160674,0.48711842,0.43359813,0.5762563,0.47068903,0.15408754,0.31027728,0.14480048,0.4051455,0.21299201,0.4400955,0.37786406,0.12610763,0.122966826,0.36153573,0.14480048,0.16120161,0.28290975,0.4853219,0.21287005,0.12374289,0.36691073,0.36284956,0.30455425,0.24251623,0.5243845,0.241378,0.13155542,0.36768678,0.20428145,0.46038392,0.22611512,0.48646015,0.2804406,0.4853219,0.45681396,0.20505752,0.36691073,0.13512538,0.28114802,0.16120161,0.21299201,0.41787332,0.45681396,0.20505752,0.36691073,0.13512538,0.14480048,0.4051455,0.44306985,0.16006337,0.3754993,0.36768678,0.122966826,0.13512538,0.48669297,0.26745424,0.4611906,0.5121483,0.49729937,0.23806672,0.47934607,0.48133802,0.55421686,0.51139814,0.5530218,0.5121483,0.49729937,0.48201063,0.47934607,0.42056653,0.48669297,0.51139814,0.5530218,0.5121483,0.49729937,0.48201063,0.47934607,0.48133802,0.55421686,0.51890075,0.5530218,0.5121483,0.49729937,0.48201063,0.41182217,0.48133802,0.55421686,0.51139814,0.5154653,0.5121483,0.49729937,0.48201063,0.41182217,0.5305701,0.48669297,0.51139814,0.5530218,0.48719093,0.49729937,0.48201063,0.47934607,0.5090684,0.58632064,0.53302485,0.50422776,0.54052687,0.52795446,0.51589936,0.5130537,0.514192,0.58632064,0.53302485,0.50422776,0.54052687,0.52795446,0.51589936,0.5130537,0.514192,0.51879674,0.53302485,0.5649992,0.54052687,0.52795446,0.51589936,0.5130537,0.514192
Industrial heating|CHP|Oil,0.0,0.0,0.0,0.0,0.0,0.0,0.0,0.0,0.0,0.0,0.0,0.0,0.0,0.0,0.0,0.0,0.0,0.0,0.0,0.0,0.0,0.0,0.0,0.0,0.0,0.0,0.0,0.0,0.0,0.0,0.0,0.0,0.0,0.0,0.0,0.0,0.0,0.0,0.0,0.0,0.0,0.0,0.0,0.0,0.0,0.0,0.0,0.0,0.0,0.0,0.0,0.0,0.0,0.0,0.0,0.0,0.0,0.0,0.0,0.0,0.0,0.0,0.0,0.0,0.0,0.0,0.0,0.0,0.0,0.0,0.0,0.0,0.0,0.0,0.0,0.0,0.0,0.0,0.0,0.0,0.0,0.0,0.0,0.0,0.0,0.0,0.0,0.0,0.0,0.0,0.0,0.0,0.0,0.0,0.0,0.0,0.0,0.0,0.0,0.0,0.0,0.0,0.0,0.0,0.0,0.0,0.0,0.0,0.0,0.0,0.0,0.0,0.0,0.0,0.0,0.0,0.0,0.0,0.0,0.0,0.0,0.0,0.0,0.0,0.0,0.0,0.0,0.0,0.0,0.0,0.0,0.0,0.0,0.0,0.0,0.0,0.0,0.0,0.0,0.0,0.0,0.0,0.0,0.0,0.0,0.0,0.0,0.0,0.0,0.0,0.0,0.0,0.0,0.0,0.0,0.0,0.0,0.0,0.0,0.0,0.0,0.0,0.0,0.0,0.0,0.0,0.0,0.0,0.0,0.0,0.0,0.0,0.0,0.0,0.0,0.0,0.0,0.0,0.0,0.0,0.0,0.0,0.0,0.0,0.0,0.0,0.0,0.0,0.0,0.0,0.0,0.0
Industrial heating|Burner|Total,3.7311108,3.7311108,3.8277845,3.9030766,3.8534946,3.8059528,3.7311108,3.7311108,3.7311108,3.7311108,3.7311108,3.7311108,3.7311108,3.7311108,3.7311108,3.7311108,3.7311108,3.7311108,3.7311108,3.7311108,3.7311108,3.7311108,3.7311108,3.7311108,3.6907709,3.7311108,3.7311108,3.7311108,3.7325995,3.672305,3.6617968,3.6696525,3.2721357,3.6335936,3.7488167,3.7488167,3.7325995,3.721274,3.7488167,3.7488167,3.7488167,3.7488167,3.7488167,3.7488167,3.7488167,3.7488167,3.7488167,3.7488167,3.6443968,3.4019547,3.7488167,3.7488167,3.7325995,3.7488167,3.7488167,3.7488167,3.6494834,3.4069357,3.7488167,3.7488167,3.7325995,3.672305,3.7488167,3.7429013,3.2668731,3.2668731,3.2668731,3.2668731,3.2668731,3.2668731,3.2668731,3.2668731,3.2668731,3.2668731,3.2668731,3.2668731,3.2668731,3.2668731,3.2668731,3.2668731,3.2668731,3.2668731,3.2668731,3.2668731,3.2668731,3.2668731,3.2668731,3.2668731,3.2668731,3.2668731,3.2668731,3.2668731,3.2668731,3.2668731,3.2668731,3.2668731,3.2668731,3.2668731,3.2668731,3.2668731,3.2668731,3.2668731,3.2668731,3.2668731,3.2668731,3.2668731,3.2668731,3.2668731,3.2668731,3.2668731,3.2668731,3.2668731,3.2668731,3.2668731,3.2668731,3.2668731,3.2668731,3.2668731,3.2668731,3.2668731,3.2668731,3.2668731,3.2668731,3.2668731,3.2668731,3.2668731,3.2668731,3.2668731,3.2668731,3.2668731,3.2668731,3.2668731,3.2668731,3.2668731,3.2668731,3.2668731,3.2668731,3.2668731,3.2668731,3.2668731,3.2668731,3.2668731,3.2668731,3.2668731,3.2668731,3.2668731,3.4094982,3.3600378,3.2668731,3.5680366,3.567082,3.2668731,3.2668731,3.3062575,3.667715,3.7488167,3.7325995,3.672305,3.568234,3.2668731,3.7401564,3.6204655,3.7488167,3.7488167,3.7488167,3.7488167,3.7488167,3.7050567,3.7488167,3.8734908,3.999589,3.9030766,3.8534946,3.8059528,3.7947304,3.7992194,3.7219427,3.7311108,3.7311108,3.7311108,3.7311108,3.7311108,3.7311108,3.7311108,3.7311108,3.7311108,3.7311108,3.7311108,3.7311108,3.7311108,3.7311108,3.7311108
Industrial heating|Burner|Gas,0.0,0.0,0.09667355,0.17196588,0.12238367,0.07484187,0.0,0.0,0.0,0.0,0.0,0.0,0.0,0.0,0.0,0.0,0.0,0.0,0.0,0.0,0.0,0.0,0.0,0.0,0.0,0.0,0.0,0.0,0.039573427,0.32745734,0.0,0.0,0.005262583,0.36672035,0.4819437,0.4819437,0.4657264,0.45440072,0.4819437,0.4819437,0.4819437,0.4819437,0.4819437,0.4819437,0.4819437,0.4819437,0.4819437,0.4819437,0.37752372,0.1350815,0.4819437,0.4819437,0.4657264,0.4819437,0.4819437,0.4819437,0.38261023,0.14006253,0.4819437,0.4819437,0.4657264,0.40543196,0.4819437,0.47602832,0.0,0.0,0.0,0.0,0.0,0.0,0.0,0.0,0.0,0.0,0.0,0.0,0.0,0.0,0.0,0.0,0.0,0.0,0.0,0.0,0.0,0.0,0.0,0.0,0.0,0.0,0.0,0.0,0.0,0.0,0.0,0.0,0.0,0.0,0.0,0.0,0.0,0.0,0.0,0.0,0.0,0.0,0.0,0.0,0.0,0.0,0.0,0.0,0.0,0.0,0.0,0.0,0.0,0.0,0.0,0.0,0.0,0.0,0.0,0.0,0.0,0.0,0.0,0.0,0.0,0.0,0.0,0.0,0.0,0.0,0.0,0.0,0.0,0.0,0.0,0.0,0.0,0.0,0.0,0.0,0.0,0.0,0.14262514,0.0931648,0.0,0.30116335,0.3002088,0.0,0.0,0.039384257,0.40084204,0.4819437,0.4657264,0.40543196,0.30136073,0.0,0.47328323,0.35359237,0.4819437,0.4819437,0.4819437,0.4819437,0.4819437,0.43818343,0.4819437,0.4819437,0.4819437,0.4819437,0.4819437,0.4819437,0.4819437,0.4819437,0.24573772,0.0,0.0,0.0,0.0,0.0,0.0,0.0,0.0,0.0,0.0,0.0,0.0,0.0,0.0,0.0
Industrial heating|Burner|Hydrogen,0.0,0.0,0.0,0.0,0.0,0.0,0.0,0.0,0.0,0.0,0.0,0.0,0.0,0.0,0.0,0.0,0.0,0.0,0.0,0.0,0.0,0.0,0.0,0.0,0.0,0.0,0.0,0.0,0.0,0.0,0.0,0.0,0.0,0.0,0.0,0.0,0.0,0.0,0.0,0.0,0.0,0.0,0.0,0.0,0.0,0.0,0.0,0.0,0.0,0.0,0.0,0.0,0.0,0.0,0.0,0.0,0.0,0.0,0.0,0.0,0.0,0.0,0.0,0.0,0.0,0.0,0.0,0.0,0.0,0.0,0.0,0.0,0.0,0.0,0.0,0.0,0.0,0.0,0.0,0.0,0.0,0.0,0.0,0.0,0.0,0.0,0.0,0.0,0.0,0.0,0.0,0.0,0.0,0.0,0.0,0.0,0.0,0.0,0.0,0.0,0.0,0.0,0.0,0.0,0.0,0.0,0.0,0.0,0.0,0.0,0.0,0.0,0.0,0.0,0.0,0.0,0.0,0.0,0.0,0.0,0.0,0.0,0.0,0.0,0.0,0.0,0.0,0.0,0.0,0.0,0.0,0.0,0.0,0.0,0.0,0.0,0.0,0.0,0.0,0.0,0.0,0.0,0.0,0.0,0.0,0.0,0.0,0.0,0.0,0.0,0.0,0.0,0.0,0.0,0.0,0.0,0.0,0.0,0.0,0.0,0.0,0.0,0.0,0.0,0.0,0.0,0.0,0.0,0.0,0.0,0.0,0.0,0.0,0.0,0.0,0.0,0.0,0.0,0.0,0.0,0.0,0.0,0.0,0.0,0.0,0.0,0.0,0.0,0.0,0.0,0.0,0.0
Industrial heating|Burner|Wood,0.0,0.0,0.0,0.0,0.0,0.0,0.0,0.0,0.0,0.0,0.0,0.0,0.0,0.0,0.0,0.0,0.0,0.0,0.0,0.0,0.0,0.0,0.0,0.0,0.0,0.0,0.0,0.0,0.0,0.0,0.0,0.0,0.0,0.0,0.0,0.0,0.0,0.0,0.0,0.0,0.0,0.0,0.0,0.0,0.0,0.0,0.0,0.0,0.0,0.0,0.0,0.0,0.0,0.0,0.0,0.0,0.0,0.0,0.0,0.0,0.0,0.0,0.0,0.0,0.0,0.0,0.0,0.0,0.0,0.0,0.0,0.0,0.0,0.0,0.0,0.0,0.0,0.0,0.0,0.0,0.0,0.0,0.0,0.0,0.0,0.0,0.0,0.0,0.0,0.0,0.0,0.0,0.0,0.0,0.0,0.0,0.0,0.0,0.0,0.0,0.0,0.0,0.0,0.0,0.0,0.0,0.0,0.0,0.0,0.0,0.0,0.0,0.0,0.0,0.0,0.0,0.0,0.0,0.0,0.0,0.0,0.0,0.0,0.0,0.0,0.0,0.0,0.0,0.0,0.0,0.0,0.0,0.0,0.0,0.0,0.0,0.0,0.0,0.0,0.0,0.0,0.0,0.0,0.0,0.0,0.0,0.0,0.0,0.0,0.0,0.0,0.0,0.0,0.0,0.0,0.0,0.0,0.0,0.0,0.0,0.0,0.0,0.0,0.0,0.0,0.0,0.0,0.0,0.0,0.0,0.0,0.0,0.0,0.0,0.0,0.0,0.0,0.0,0.0,0.0,0.0,0.0,0.0,0.0,0.0,0.0,0.0,0.0,0.0,0.0,0.0,0.0
Industrial heating|Burner|Waste,0.0,0.0,0.0,0.0,0.0,0.0,0.0,0.0,0.0,0.0,0.0,0.0,0.0,0.0,0.0,0.0,0.0,0.0,0.0,0.0,0.0,0.0,0.0,0.0,0.0,0.0,0.0,0.0,0.0,0.0,0.0,0.0,0.0,0.0,0.0,0.0,0.0,0.0,0.0,0.0,0.0,0.0,0.0,0.0,0.0,0.0,0.0,0.0,0.0,0.0,0.0,0.0,0.0,0.0,0.0,0.0,0.0,0.0,0.0,0.0,0.0,0.0,0.0,0.0,0.0,0.0,0.0,0.0,0.0,0.0,0.0,0.0,0.0,0.0,0.0,0.0,0.0,0.0,0.0,0.0,0.0,0.0,0.0,0.0,0.0,0.0,0.0,0.0,0.0,0.0,0.0,0.0,0.0,0.0,0.0,0.0,0.0,0.0,0.0,0.0,0.0,0.0,0.0,0.0,0.0,0.0,0.0,0.0,0.0,0.0,0.0,0.0,0.0,0.0,0.0,0.0,0.0,0.0,0.0,0.0,0.0,0.0,0.0,0.0,0.0,0.0,0.0,0.0,0.0,0.0,0.0,0.0,0.0,0.0,0.0,0.0,0.0,0.0,0.0,0.0,0.0,0.0,0.0,0.0,0.0,0.0,0.0,0.0,0.0,0.0,0.0,0.0,0.0,0.0,0.0,0.0,0.0,0.0,0.0,0.0,0.0,0.0,0.0,0.0,0.0,0.0,0.0,0.0,0.0,0.0,0.0,0.0,0.0,0.0,0.0,0.0,0.0,0.0,0.0,0.0,0.0,0.0,0.0,0.0,0.0,0.0,0.0,0.0,0.0,0.0,0.0,0.0
Industrial heating|Burner|Oil,0.46423778,0.46423778,0.46423778,0.46423778,0.46423778,0.46423778,0.46423778,0.46423778,0.46423778,0.46423778,0.46423778,0.46423778,0.46423778,0.46423778,0.46423778,0.46423778,0.46423778,0.46423778,0.46423778,0.46423778,0.46423778,0.46423778,0.46423778,0.46423778,0.42389774,0.46423778,0.46423778,0.46423778,0.42615297,0.077974625,0.39492375,0.40277943,0.0,0.0,0.0,0.0,0.0,0.0,0.0,0.0,0.0,0.0,0.0,0.0,0.0,0.0,0.0,0.0,0.0,0.0,0.0,0.0,0.0,0.0,0.0,0.0,0.0,0.0,0.0,0.0,0.0,0.0,0.0,0.0,0.0,0.0,0.0,0.0,0.0,0.0,0.0,0.0,0.0,0.0,0.0,0.0,0.0,0.0,0.0,0.0,0.0,0.0,0.0,0.0,0.0,0.0,0.0,0.0,0.0,0.0,0.0,0.0,0.0,0.0,0.0,0.0,0.0,0.0,0.0,0.0,0.0,0.0,0.0,0.0,0.0,0.0,0.0,0.0,0.0,0.0,0.0,0.0,0.0,0.0,0.0,0.0,0.0,0.0,0.0,0.0,0.0,0.0,0.0,0.0,0.0,0.0,0.0,0.0,0.0,0.0,0.0,0.0,0.0,0.0,0.0,0.0,0.0,0.0,0.0,0.0,0.0,0.0,0.0,0.0,0.0,0.0,0.0,0.0,0.0,0.0,0.0,0.0,0.0,0.0,0.0,0.0,0.0,0.0,0.0,0.0,0.0,0.0,0.0,0.0,0.0,0.0,0.0,0.0,0.0,0.1246739,0.25077206,0.15425996,0.10467775,0.057135954,0.045913585,0.050402496,0.20933175,0.46423778,0.46423778,0.46423778,0.46423778,0.46423778,0.46423778,0.46423778,0.46423778,0.46423778,0.46423778,0.46423778,0.46423778,0.46423778,0.46423778,0.46423778
Industrial heating|Burner|Coal,3.2668731,3.2668731,3.2668731,3.2668731,3.2668731,3.2668731,3.2668731,3.2668731,3.2668731,3.2668731,3.2668731,3.2668731,3.2668731,3.2668731,3.2668731,3.2668731,3.2668731,3.2668731,3.2668731,3.2668731,3.2668731,3.2668731,3.2668731,3.2668731,3.2668731,3.2668731,3.2668731,3.2668731,3.2668731,3.2668731,3.2668731,3.2668731,3.2668731,3.2668731,3.2668731,3.2668731,3.2668731,3.2668731,3.2668731,3.2668731,3.2668731,3.2668731,3.2668731,3.2668731,3.2668731,3.2668731,3.2668731,3.2668731,3.2668731,3.2668731,3.2668731,3.2668731,3.2668731,3.2668731,3.2668731,3.2668731,3.2668731,3.2668731,3.2668731,3.2668731,3.2668731,3.2668731,3.2668731,3.2668731,3.2668731,3.2668731,3.2668731,3.2668731,3.2668731,3.2668731,3.2668731,3.2668731,3.2668731,3.2668731,3.2668731,3.2668731,3.2668731,3.2668731,3.2668731,3.2668731,3.2668731,3.2668731,3.2668731,3.2668731,3.2668731,3.2668731,3.2668731,3.2668731,3.2668731,3.2668731,3.2668731,3.2668731,3.2668731,3.2668731,3.2668731,3.2668731,3.2668731,3.2668731,3.2668731,3.2668731,3.2668731,3.2668731,3.2668731,3.2668731,3.2668731,3.2668731,3.2668731,3.2668731,3.2668731,3.2668731,3.2668731,3.2668731,3.2668731,3.2668731,3.2668731,3.2668731,3.2668731,3.2668731,3.2668731,3.2668731,3.2668731,3.2668731,3.2668731,3.2668731,3.2668731,3.2668731,3.2668731,3.2668731,3.2668731,3.2668731,3.2668731,3.2668731,3.2668731,3.2668731,3.2668731,3.2668731,3.2668731,3.2668731,3.2668731,3.2668731,3.2668731,3.2668731,3.2668731,3.2668731,3.2668731,3.2668731,3.2668731,3.2668731,3.2668731,3.2668731,3.2668731,3.2668731,3.2668731,3.2668731,3.2668731,3.2668731,3.2668731,3.2668731,3.2668731,3.2668731,3.2668731,3.2668731,3.2668731,3.2668731,3.2668731,3.2668731,3.2668731,3.2668731,3.2668731,3.2668731,3.2668731,3.2668731,3.2668731,3.2668731,3.2668731,3.2668731,3.2668731,3.2668731,3.2668731,3.2668731,3.2668731,3.2668731,3.2668731,3.2668731,3.2668731,3.2668731,3.2668731,3.2668731,3.2668731,3.2668731,3.2668731,3.2668731
Electricity|Total,7.1520066,7.1822333,8.799418,8.804973,8.804974,8.804973,8.804973,7.9894037,5.9226284,6.191023,8.441918,8.787114,8.445682,7.798873,7.9726624,6.122854,5.4488616,5.718504,7.9150357,8.702079,8.380909,7.7681127,7.925211,6.0918293,5.89282,6.192479,8.658567,8.283898,7.9441614,7.335294,7.5069547,5.6772614,5.694924,5.623251,6.7962103,8.148824,7.7096186,6.8706207,7.275568,5.459144,5.5053773,5.553479,7.0252724,8.293973,7.7476883,6.7633786,7.140613,5.4748273,5.832049,5.830143,6.8579817,7.3128057,7.420717,6.591349,6.6277027,5.7635875,5.7884936,5.8321414,6.750282,7.4202056,7.4693775,6.4683065,6.943052,6.1679783,6.6166472,6.1876073,8.804973,8.804974,8.231037,7.1919823,8.363991,5.9560823,5.5543194,5.952221,8.804973,8.100265,7.7964764,6.991928,7.0874386,5.8870654,5.9210305,5.9580684,7.499008,8.163905,8.031651,7.3586454,7.082523,5.8945646,5.8578973,6.1825814,8.0862,8.804974,8.804974,7.7944617,8.049718,5.9510417,5.7508793,5.9457884,7.979195,8.804974,8.5203285,7.735754,7.508902,6.285467,5.594157,6.3014817,8.318477,8.804974,8.376273,7.9092026,7.724241,6.6142616,5.5472116,5.579256,7.290559,8.666404,8.370477,7.2750525,7.804184,5.6682568,5.7141595,6.484033,8.524922,8.788306,8.804973,8.329586,7.9698586,6.696426,6.075565,6.062416,7.6044106,8.215483,7.9451504,7.1722937,7.157678,5.402657,5.0672817,5.205257,7.4958935,8.278628,7.9384456,7.009595,7.106609,5.3640413,5.508356,6.1856394,7.143378,8.395935,8.013018,6.6045613,6.913978,5.733771,5.836695,5.7982483,6.932424,7.807136,7.4069176,6.5139747,6.7478824,5.7621017,5.495949,5.5455227,7.561427,7.7648425,7.694625,6.9170156,6.780263,5.596175,5.46736,5.5396056,7.8087516,8.700207,8.35251,7.5014696,7.771712,5.9159226,5.474805,5.9256377,8.42868,8.804974,8.336399,7.710357,7.8512783,6.2549396,5.9742794,6.6303334,8.804974,8.799418,8.769682,8.042262,8.759726,6.404985
Electricity|Thermal,0.24393421,0.24393421,0.24393421,0.24553318,0.25267833,0.24484244,0.25260538,0.24393421,0.24705066,0.24605708,0.24382423,0.24862738,0.24297316,0.24725299,0.24745171,0.24737221,0.24705066,0.24605708,0.24382423,0.24553318,0.24641116,0.24725299,0.24745171,0.24737221,0.24929254,0.24756731,0.24775484,0.24751493,0.24855188,0.24677078,0.2498056,0.24907722,0.25988826,0.24449734,0.24817504,0.24751493,0.2617226,0.24961953,0.2498056,0.25086743,0.24929254,0.24576603,0.2509278,0.24751493,0.24855188,0.24806768,0.24710791,0.24875376,0.24457718,0.24756731,0.2509278,0.24751493,0.24855188,0.24909559,0.2498056,0.24966648,0.24302535,0.24756731,0.25077266,0.24751493,0.24855188,0.24961953,0.2498056,0.24914256,0.21595873,0.22259212,0.23830962,0.23994516,0.2539456,0.24360108,0.21846086,0.2480975,0.24572797,0.25954384,0.21766663,0.2977142,0.3348795,0.3093008,0.3137507,0.30008447,0.2964098,0.29060534,0.27556023,0.3290869,0.3149518,0.30238387,0.32310522,0.32327807,0.31923848,0.3072062,0.300091,0.30663034,0.3055338,0.31761074,0.31757954,0.34382042,0.31812745,0.33382896,0.27798498,0.3228436,0.3390974,0.31617397,0.33085033,0.3128634,0.32197818,0.30386943,0.28924778,0.32223722,0.33113423,0.31722766,0.33619064,0.2983447,0.3113057,0.32642522,0.279724,0.29258287,0.33111277,0.33544597,0.3081831,0.30683157,0.3359969,0.29847395,0.28487107,0.31652737,0.33671495,0.31738275,0.329266,0.33076903,0.29611224,0.29098964,0.26966375,0.30052075,0.32528573,0.3264464,0.32691288,0.33915752,0.34084544,0.31940332,0.29139787,0.32506698,0.3266286,0.32389468,0.33380318,0.3377342,0.24693477,0.2470434,0.24466065,0.27590758,0.29963642,0.31237993,0.30752808,0.24966648,0.24873446,0.2515495,0.27954608,0.2898273,0.30411172,0.3035478,0.31953862,0.2551387,0.24929254,0.24756731,0.24466065,0.24925777,0.24855188,0.24961953,0.2498056,0.24773,0.2423353,0.24605708,0.24806803,0.24553318,0.24641116,0.24725299,0.24745171,0.24737221,0.2423353,0.24605708,0.24806803,0.24553318,0.24641116,0.24725299,0.24745171,0.24737221,0.24705066,0.24605708,0.24382423,0.24553318,0.24641116,0.24725299,0.24745171,0.24737221
Electricity|Thermal|Hydrogen,0.0,0.0,0.0,0.0,0.0,0.0,0.0,0.0,0.0,0.0,0.0,0.0,0.0,0.0,0.0,0.0,0.0,0.0,0.0,0.0,0.0,0.0,0.0,0.0,0.0,0.0,0.0,0.0,0.0,0.0,0.0,0.0,0.0,0.0,0.0,0.0,0.0,0.0,0.0,0.0,0.0,0.0,0.0,0.0,0.0,0.0,0.0,0.0,0.0,0.0,0.0,0.0,0.0,0.0,0.0,0.0,0.0,0.0,0.0,0.0,0.0,0.0,0.0,0.0,0.0,0.0,0.0,0.0,0.0,0.0,0.0,0.0,0.0,0.0,0.0,0.0,0.0,0.0,0.0,0.0,0.0,0.0,0.0,0.0,0.0,0.0,0.0,0.0,0.0,0.0,0.0,0.0,0.0,0.0,0.0,0.0,0.0,0.0,0.0,0.0,0.0,0.0,0.0,0.0,0.0,0.0,0.0,0.0,0.0,0.0,0.0,0.0,0.0,0.0,0.0,0.0,0.0,0.0,0.0,0.0,0.0,0.0,0.0,0.0,0.0,0.0,0.0,0.0,0.0,0.0,0.0,0.0,0.0,0.0,0.0,0.0,0.0,0.0,0.0,0.0,0.0,0.0,0.0,0.0,0.0,0.0,0.0,0.0,0.0,0.0,0.0,0.0,0.0,0.0,0.0,0.0,0.0,0.0,0.0,0.0,0.0,0.0,0.0,0.0,0.0,0.0,0.0,0.0,0.0,0.0,0.0,0.0,0.0,0.0,0.0,0.0,0.0,0.0,0.0,0.0,0.0,0.0,0.0,0.0,0.0,0.0,0.0,0.0,0.0,0.0,0.0,0.0
Electricity|Thermal|Gas,0.0,0.0,0.0,0.0,0.0,0.0,0.0,0.0,0.0,0.0,0.0,0.0,0.0,0.0,0.0,0.0,0.0,0.0,0.0,0.0,0.0,0.0,0.0,0.0,0.0,0.0,0.0,0.0,0.0,0.0,0.0,0.0,0.0,0.0,0.0,0.0,0.0,0.0,0.0,0.0,0.0,0.0,0.0,0.0,0.0,0.0,0.0,0.0,0.0,0.0,0.0,0.0,0.0,0.0,0.0,0.0,0.0,0.0,0.0,0.0,0.0,0.0,0.0,0.0,0.0,0.0,0.0,0.0,0.0,0.0,0.0,0.0,0.0,0.0,0.0,0.0,0.0,0.0,0.0,0.0,0.0,0.0,0.0,0.0,0.0,0.0,0.0,0.0,0.0,0.0,0.0,0.0,0.0,0.0,0.0,0.0,0.0,0.0,0.0,0.0,0.0,0.0,0.0,0.0,0.0,0.0,0.0,0.0,0.0,0.0,0.0,0.0,0.0,0.0,0.0,0.0,0.0,0.0,0.0,0.0,0.0,0.0,0.0,0.0,0.0,0.0,0.0,0.0,0.0,0.0,0.0,0.0,0.0,0.0,0.0,0.0,0.0,0.0,0.0,0.0,0.0,0.0,0.0,0.0,0.0,0.0,0.0,0.0,0.0,0.0,0.0,0.0,0.0,0.0,0.0,0.0,0.0,0.0,0.0,0.0,0.0,0.0,0.0,0.0,0.0,0.0,0.0,0.0,0.0,0.0,0.0,0.0,0.0,0.0,0.0,0.0,0.0,0.0,0.0,0.0,0.0,0.0,0.0,0.0,0.0,0.0,0.0,0.0,0.0,0.0,0.0,0.0
Electricity|Thermal|Wood,0.0,0.0,0.0,0.0,0.0,0.0,0.0,0.0,0.0,0.0,0.0,0.0,0.0,0.0,0.0,0.0,0.0,0.0,0.0,0.0,0.0,0.0,0.0,0.0,0.0,0.0,0.0,0.0,0.0,0.0,0.0,0.0,0.0,0.0,0.0,0.0,0.0,0.0,0.0,0.0,0.0,0.0,0.0,0.0,0.0,0.0,0.0,0.0,0.0,0.0,0.0,0.0,0.0,0.0,0.0,0.0,0.0,0.0,0.0,0.0,0.0,0.0,0.0,0.0,0.0,0.0,0.0,0.0,0.0,0.0,0.0,0.0,0.0,0.0,0.0,0.0,0.0,0.0,0.0,0.0,0.0,0.0,0.0,0.0,0.0,0.0,0.0,0.0,0.0,0.0,0.0,0.0,0.0,0.0,0.0,0.0,0.0,0.0,0.0,0.0,0.0,0.0,0.0,0.0,0.0,0.0,0.0,0.0,0.0,0.0,0.0,0.0,0.0,0.0,0.0,0.0,0.0,0.0,0.0,0.0,0.0,0.0,0.0,0.0,0.0,0.0,0.0,0.0,0.0,0.0,0.0,0.0,0.0,0.0,0.0,0.0,0.0,0.0,0.0,0.0,0.0,0.0,0.0,0.0,0.0,0.0,0.0,0.0,0.0,0.0,0.0,0.0,0.0,0.0,0.0,0.0,0.0,0.0,0.0,0.0,0.0,0.0,0.0,0.0,0.0,0.0,0.0,0.0,0.0,0.0,0.0,0.0,0.0,0.0,0.0,0.0,0.0,0.0,0.0,0.0,0.0,0.0,0.0,0.0,0.0,0.0,0.0,0.0,0.0,0.0,0.0,0.0
Electricity|Thermal|Waste,0.19761904,0.19761904,0.19761904,0.199218,0.20636316,0.19852726,0.20629022,0.19761904,0.20073548,0.1997419,0.19750905,0.2023122,0.19665799,0.20093781,0.20113653,0.20105703,0.20073548,0.1997419,0.19750905,0.199218,0.20009598,0.20093781,0.20113653,0.20105703,0.20297736,0.20125213,0.20143966,0.20119976,0.2022367,0.2004556,0.20349042,0.20276204,0.2135731,0.19818217,0.20185986,0.20119976,0.21540743,0.20330435,0.20349042,0.20455226,0.20297736,0.19945085,0.20461264,0.20119976,0.2022367,0.2017525,0.20079273,0.20243858,0.198262,0.20125213,0.20461264,0.20119976,0.2022367,0.20278041,0.20349042,0.2033513,0.19671017,0.20125213,0.20445748,0.20119976,0.2022367,0.20330435,0.20349042,0.20282738,0.16964355,0.17627694,0.19199444,0.19362998,0.20763043,0.1972859,0.17214568,0.20178232,0.1994128,0.21322866,0.17135145,0.25139904,0.28856432,0.26298565,0.26743555,0.2537693,0.25009462,0.24429016,0.22924505,0.28277174,0.26863664,0.2560687,0.27679005,0.2769629,0.27292332,0.26089105,0.25377584,0.26031518,0.25921863,0.27129558,0.27126437,0.29750526,0.2718123,0.2875138,0.2316698,0.27652845,0.29278225,0.2698588,0.28453517,0.26654825,0.27566302,0.25755426,0.2429326,0.27592206,0.28481907,0.2709125,0.28987548,0.25202954,0.26499054,0.28011006,0.23340882,0.24626769,0.2847976,0.2891308,0.26186794,0.2605164,0.28968173,0.2521588,0.23855591,0.2702122,0.2903998,0.2710676,0.28295085,0.28445387,0.24979706,0.24467447,0.22334857,0.25420558,0.27897057,0.28013125,0.28059772,0.29284236,0.29453027,0.27308816,0.2450827,0.27875182,0.28031343,0.27757952,0.287488,0.29141903,0.2006196,0.20072822,0.19834547,0.2295924,0.25332126,0.26606476,0.26121292,0.2033513,0.20241928,0.20523435,0.2332309,0.24351211,0.25779656,0.25723264,0.27322346,0.20882352,0.20297736,0.20125213,0.19834547,0.2029426,0.2022367,0.20330435,0.20349042,0.20141482,0.19602013,0.1997419,0.20175286,0.199218,0.20009598,0.20093781,0.20113653,0.20105703,0.19602013,0.1997419,0.20175286,0.199218,0.20009598,0.20093781,0.20113653,0.20105703,0.20073548,0.1997419,0.19750905,0.199218,0.20009598,0.20093781,0.20113653,0.20105703
Electricity|Thermal|Biogas,0.046315167,0.046315167,0.046315167,0.046315167,0.046315167,0.046315167,0.046315167,0.046315167,0.046315167,0.046315167,0.046315167,0.046315167,0.046315167,0.046315167,0.046315167,0.046315167,0.046315167,0.046315167,0.046315167,0.046315167,0.046315167,0.046315167,0.046315167,0.046315167,0.046315167,0.046315167,0.046315167,0.046315167,0.046315167,0.046315167,0.046315167,0.046315167,0.046315167,0.046315167,0.046315167,0.046315167,0.046315167,0.046315167,0.046315167,0.046315167,0.046315167,0.046315167,0.046315167,0.046315167,0.046315167,0.046315167,0.046315167,0.046315167,0.046315167,0.046315167,0.046315167,0.046315167,0.046315167,0.046315167,0.046315167,0.046315167,0.046315167,0.046315167,0.046315167,0.046315167,0.046315167,0.046315167,0.046315167,0.046315167,0.046315167,0.046315167,0.046315167,0.046315167,0.046315167,0.046315167,0.046315167,0.046315167,0.046315167,0.046315167,0.046315167,0.046315167,0.046315167,0.046315167,0.046315167,0.046315167,0.046315167,0.046315167,0.046315167,0.046315167,0.046315167,0.046315167,0.046315167,0.046315167,0.046315167,0.046315167,0.046315167,0.046315167,0.046315167,0.046315167,0.046315167,0.046315167,0.046315167,0.046315167,0.046315167,0.046315167,0.046315167,0.046315167,0.046315167,0.046315167,0.046315167,0.046315167,0.046315167,0.046315167,0.046315167,0.046315167,0.046315167,0.046315167,0.046315167,0.046315167,0.046315167,0.046315167,0.046315167,0.046315167,0.046315167,0.046315167,0.046315167,0.046315167,0.046315167,0.046315167,0.046315167,0.046315167,0.046315167,0.046315167,0.046315167,0.046315167,0.046315167,0.046315167,0.046315167,0.046315167,0.046315167,0.046315167,0.046315167,0.046315167,0.046315167,0.046315167,0.046315167,0.046315167,0.046315167,0.046315167,0.046315167,0.046315167,0.046315167,0.046315167,0.046315167,0.046315167,0.046315167,0.046315167,0.046315167,0.046315167,0.046315167,0.046315167,0.046315167,0.046315167,0.046315167,0.046315167,0.046315167,0.046315167,0.046315167,0.046315167,0.046315167,0.046315167,0.046315167,0.046315167,0.046315167,0.046315167,0.046315167,0.046315167,0.046315167,0.046315167,0.046315167,0.046315167,0.046315167,0.046315167,0.046315167,0.046315167,0.046315167,0.046315167,0.046315167,0.046315167,0.046315167,0.046315167,0.046315167,0.046315167,0.046315167,0.046315167,0.046315167,0.046315167
Electricity|Thermal|Geothermal,0.0,0.0,0.0,0.0,0.0,0.0,0.0,0.0,0.0,0.0,0.0,0.0,0.0,0.0,0.0,0.0,0.0,0.0,0.0,0.0,0.0,0.0,0.0,0.0,0.0,0.0,0.0,0.0,0.0,0.0,0.0,0.0,0.0,0.0,0.0,0.0,0.0,0.0,0.0,0.0,0.0,0.0,0.0,0.0,0.0,0.0,0.0,0.0,0.0,0.0,0.0,0.0,0.0,0.0,0.0,0.0,0.0,0.0,0.0,0.0,0.0,0.0,0.0,0.0,0.0,0.0,0.0,0.0,0.0,0.0,0.0,0.0,0.0,0.0,0.0,0.0,0.0,0.0,0.0,0.0,0.0,0.0,0.0,0.0,0.0,0.0,0.0,0.0,0.0,0.0,0.0,0.0,0.0,0.0,0.0,0.0,0.0,0.0,0.0,0.0,0.0,0.0,0.0,0.0,0.0,0.0,0.0,0.0,0.0,0.0,0.0,0.0,0.0,0.0,0.0,0.0,0.0,0.0,0.0,0.0,0.0,0.0,0.0,0.0,0.0,0.0,0.0,0.0,0.0,0.0,0.0,0.0,0.0,0.0,0.0,0.0,0.0,0.0,0.0,0.0,0.0,0.0,0.0,0.0,0.0,0.0,0.0,0.0,0.0,0.0,0.0,0.0,0.0,0.0,0.0,0.0,0.0,0.0,0.0,0.0,0.0,0.0,0.0,0.0,0.0,0.0,0.0,0.0,0.0,0.0,0.0,0.0,0.0,0.0,0.0,0.0,0.0,0.0,0.0,0.0,0.0,0.0,0.0,0.0,0.0,0.0,0.0,0.0,0.0,0.0,0.0,0.0
Electricity|Hydro|Total,3.6780438,3.743785,5.3513603,5.2004924,5.005248,5.3866315,5.389242,4.593224,2.636197,2.853269,5.109008,5.186791,4.3107605,3.8047824,4.4539638,2.609994,2.050117,2.361861,4.5748024,5.1571064,4.4919634,4.3695383,4.658596,2.8243432,2.4494653,2.7536016,5.1331444,4.144507,3.5269392,3.6805186,4.190422,2.3640106,2.166341,2.166341,2.9994583,4.251689,3.9840221,3.2467198,3.9993968,2.166341,2.166341,2.166341,3.2836423,3.7146835,3.337127,2.7276297,3.8597512,2.166341,2.4431474,2.4431474,3.4197998,3.2244034,2.7808785,2.4431474,3.2728462,2.4431474,2.4431474,2.4431474,2.7503564,2.4431474,2.4431474,2.839883,3.4371483,2.649244,4.400279,3.9966335,6.2363334,5.268285,4.283497,5.001107,6.2982836,3.8742836,3.465328,3.8383083,6.262308,4.1837544,3.465328,3.465328,4.6159067,3.465328,3.689272,3.689272,4.506664,4.4106617,4.880391,5.05667,4.832095,3.689272,3.689272,3.975221,4.9570518,4.7123375,4.817748,5.1095543,5.7280855,3.689272,3.5210233,3.7112532,5.4507556,5.3682404,5.2096505,5.0850334,5.2110777,4.0298715,3.3803608,4.05983,5.2998896,4.8866487,4.4975123,5.1425886,5.2958713,4.3461256,3.216488,3.216488,4.3270326,4.7914686,4.4988446,4.8461905,5.6286945,3.5218658,3.4329867,4.28564,5.995201,5.4528193,4.975908,5.3845663,5.7507973,4.462573,3.8254223,3.8254223,3.9422076,4.9158077,4.0912056,4.324311,4.9727144,2.6695282,2.6695282,3.0180748,4.4182196,3.6501603,4.5149937,3.3539906,4.6299434,2.6695282,3.2691708,2.7913327,3.7796643,4.5837708,3.3092337,2.9400647,3.55354,2.4322736,2.4322736,2.4322736,3.4625492,3.3947272,3.62345,3.095606,3.3532696,2.4322736,2.1878748,2.1878748,3.8651137,3.0972667,3.420123,3.2125413,3.3153286,2.1878748,2.1878748,2.2337196,4.4641514,5.0278854,4.930936,4.232148,4.491799,2.6098704,2.2026832,2.595068,5.0190682,5.064389,4.5453873,4.0721507,4.227708,2.6718245,2.6153808,3.2243154,5.393693,5.237531,5.3534613,4.6861258,5.3675556,2.9888191
Electricity|Hydro|Dams,2.388196,2.4539368,4.0615125,3.9106443,3.7154002,4.0967836,4.0993943,3.3033762,1.3463491,1.5634211,3.8191597,3.8969429,3.0209126,2.5149345,3.1641157,1.3201458,0.9802053,1.2919493,3.5048904,4.087195,3.4220514,3.2996268,3.5886846,1.7544316,1.3795537,1.68369,4.063233,3.0745952,2.4570274,2.610607,3.1205106,1.2940989,0.808,0.808,1.6411173,2.893348,2.6256812,1.8883789,2.6410556,0.808,0.808,0.808,1.9253012,2.3563426,1.9787859,1.3692886,2.5014102,0.808,0.808,0.808,1.7846525,1.5892559,1.1457311,0.808,1.6376989,0.808,0.808,0.808,1.115209,0.808,0.808,1.2047356,1.8020009,1.0140966,1.7429509,1.3393056,3.5790055,2.6109567,1.6261687,2.3437796,3.6409557,1.2169557,0.808,1.1809803,3.6049805,1.5264264,0.808,0.808,1.9585787,0.808,0.808,0.808,1.6253918,1.5293897,1.9991193,2.175398,1.9508232,0.808,0.808,1.0939491,2.07578,1.8310654,1.9364761,2.2282825,2.846814,0.808,0.9486625,1.1388924,2.8783948,2.7958794,2.6372898,2.5126724,2.6387167,1.4575108,0.808,1.4874696,2.7275288,2.314288,1.9251516,2.5702279,2.7235105,1.7737648,0.808,0.808,1.9185449,2.382981,3.1527436,2.4377024,3.2202065,1.1133782,1.0244989,1.8771518,3.586713,3.0443316,2.56742,2.9760785,3.3423095,2.0540853,1.963894,1.963894,2.0806794,3.0542796,2.2296777,2.4627826,3.1111863,0.808,0.808,1.1565466,2.5566914,1.788632,2.6534653,1.4924625,2.7684152,0.808,1.6448973,1.1670592,2.1553907,2.9594975,1.68496,1.3157911,1.9292665,0.808,0.808,0.808,1.8382756,1.7704537,1.9991765,1.4713326,1.7289962,0.808,0.808,0.808,2.485239,1.717392,2.0402484,1.8326666,1.9354539,0.808,0.808,0.8538449,3.0842767,3.6480105,3.5510614,2.8522735,3.1119242,1.2299956,0.808,1.200385,3.624385,3.6697063,3.150704,2.6774676,2.8330247,1.2771413,1.2206976,1.8296323,3.9990096,3.842848,3.9587784,3.2914429,3.9728727,1.5941359
Electricity|Hydro|RoR,1.289848,1.289848,1.289848,1.289848,1.289848,1.289848,1.289848,1.289848,1.289848,1.289848,1.289848,1.289848,1.289848,1.289848,1.289848,1.289848,1.0699117,1.0699117,1.0699117,1.0699117,1.0699117,1.0699117,1.0699117,1.0699117,1.0699117,1.0699117,1.0699117,1.0699117,1.0699117,1.0699117,1.0699117,1.0699117,1.3583411,1.3583411,1.3583411,1.3583411,1.3583411,1.3583411,1.3583411,1.3583411,1.3583411,1.3583411,1.3583411,1.3583411,1.3583411,1.3583411,1.3583411,1.3583411,1.6351475,1.6351475,1.6351475,1.6351475,1.6351475,1.6351475,1.6351475,1.6351475,1.6351475,1.6351475,1.6351475,1.6351475,1.6351475,1.6351475,1.6351475,1.6351475,2.657328,2.657328,2.657328,2.657328,2.657328,2.657328,2.657328,2.657328,2.657328,2.657328,2.657328,2.657328,2.657328,2.657328,2.657328,2.657328,2.8812718,2.8812718,2.8812718,2.8812718,2.8812718,2.8812718,2.8812718,2.8812718,2.8812718,2.8812718,2.8812718,2.8812718,2.8812718,2.8812718,2.8812718,2.8812718,2.5723608,2.5723608,2.5723608,2.5723608,2.5723608,2.5723608,2.5723608,2.5723608,2.5723608,2.5723608,2.5723608,2.5723608,2.5723608,2.5723608,2.5723608,2.5723608,2.4084878,2.4084878,2.4084878,2.4084878,1.3461012,2.4084878,2.4084878,2.4084878,2.4084878,2.4084878,2.4084878,2.4084878,2.4084878,2.4084878,2.4084878,2.4084878,1.8615282,1.8615282,1.8615282,1.8615282,1.8615282,1.8615282,1.8615282,1.8615282,1.8615282,1.8615282,1.8615282,1.8615282,1.8615282,1.8615282,1.8615282,1.8615282,1.6242735,1.6242735,1.6242735,1.6242735,1.6242735,1.6242735,1.6242735,1.6242735,1.6242735,1.6242735,1.6242735,1.6242735,1.6242735,1.6242735,1.6242735,1.6242735,1.3798747,1.3798747,1.3798747,1.3798747,1.3798747,1.3798747,1.3798747,1.3798747,1.3798747,1.3798747,1.3798747,1.3798747,1.3798747,1.3798747,1.3798747,1.3798747,1.3946831,1.3946831,1.3946831,1.3946831,1.3946831,1.3946831,1.3946831,1.3946831,1.3946831,1.3946831,1.3946831,1.3946831,1.3946831,1.3946831,1.3946831,1.3946831
Electricity|Nuclear,3.0,3.0,3.0,3.0,3.0,3.0,3.0,3.0,3.0,3.0,3.0,3.0,3.0,3.0,3.0,3.0,3.0,3.0,3.0,3.0,3.0,3.0,3.0,3.0,3.0,3.0,3.0,3.0,3.0,3.0,3.0,3.0,3.0,3.0,3.0,3.0,3.0,3.0,3.0,3.0,3.0,3.0,3.0,3.0,3.0,3.0,3.0,3.0,3.0,3.0,3.0,3.0,3.0,3.0,3.0,3.0,3.0,3.0,3.0,3.0,3.0,3.0,3.0,3.0,1.8,1.8,1.8,1.8,1.8,1.8,1.8,1.8,1.8,1.8,1.8,1.8,1.8,1.8,1.8,1.8,1.8,1.8,1.8,1.8,1.8,1.8,1.8,1.8,1.8,1.8,1.8,1.8,1.8,1.8,1.8,1.8,1.8,1.8,1.8,1.8,1.8,1.8,1.8,1.8,1.8,1.8,1.8,1.8,1.8,1.8,1.8,1.8,1.8,1.8,1.8,1.8,1.8,1.8,1.8,1.8,1.8,1.8,1.8,1.8,1.8,1.8,1.8,1.8,1.8,1.8,2.9710572,1.8,1.8,1.8,1.8,2.373754,2.0148826,1.8,2.4899998,3.0,1.8,3.0,1.8,2.0004084,1.8,3.0,3.0,3.0,3.0,3.0,3.0,3.0,3.0,3.0,3.0,3.0,3.0,3.0,3.0,3.0,3.0,3.0,3.0,3.0,3.0,3.0,3.0,3.0,3.0,3.0,3.0,3.0,3.0,3.0,3.0,3.0,3.0,3.0,3.0,3.0,3.0,3.0,3.0,3.0,3.0,3.0,3.0,3.0,3.0,3.0,3.0,3.0
Electricity|Solar,0.0,0.0,0.016882656,0.18798871,0.34470785,0.03959972,0.0,0.0,0.0,0.0,0.006728976,0.22027417,0.6745748,0.48226726,0.0,0.0,0.0,0.0,0.008350649,0.22509599,0.58779013,0.12740505,0.0,0.0,0.0,0.0,0.11488819,0.8051869,1.0994244,0.3236149,0.0,0.0,0.0,0.0,0.41279998,0.5553717,0.41952002,0.3399314,6.25e-05,0.0,0.0,0.0,0.42653936,1.2958727,1.1167597,0.74146974,0.005414297,0.0,0.0,0.0,0.14644808,0.76001304,1.2810974,0.78427434,0.015865037,0.0,0.0,0.025112618,0.67905474,1.609218,1.5762309,0.19564198,0.011965482,0.0,0.0,0.019251062,0.38348594,1.3512492,1.7537364,0.070142485,0.010581698,0.0,0.0,0.022655994,0.46775252,1.7009225,1.9962918,1.1613472,0.13069148,0.0,0.0,0.028582523,0.76237845,1.5241922,0.9520369,0.10284203,0.024183325,0.0,0.0,0.07380311,0.997035,1.9219729,1.8115468,0.47269154,0.07256065,0.0,0.0,0.017219728,0.3149401,1.1353655,1.0709828,0.47878173,0.09768132,0.0,0.0,0.061613437,0.88099223,1.7347289,1.6250987,0.43676415,0.06282303,0.0,0.0,0.042510804,0.77475166,1.72156,1.6656334,0.2509163,0.045487426,0.0,0.0,0.001323641,0.42698818,1.2035189,1.6562047,0.7980813,0.04265318,0.0,0.0,0.0,0.37303597,1.1651108,1.6813724,0.6845854,0.022172071,0.0,0.0,0.0,0.22711572,1.190556,1.1512719,0.054117363,0.001124631,0.0,0.0,0.0,0.015638037,0.4724225,1.3469565,0.29491505,0.0,0.0,0.0,0.0,0.11925767,1.10985,0.44573033,0.045484275,0.0,0.0,0.0,0.0,0.24024798,1.1445074,0.79597664,0.2587033,0.0,0.0,0.0,0.0,0.042218555,0.4147188,0.16060938,0.009050262,0.0,0.0,0.0,0.0,0.05875003,0.40291196,0.33014646,0.028748935,0.0,0.0,0.0,0.0,0.020271849,0.2575738,0.119374566,0.046387855,0.0,0.0
Electricity|Wind,0.22974403,0.19422944,0.1869551,0.17067383,0.20205373,0.13361424,0.16284035,0.15196103,0.03909566,0.091412045,0.0820722,0.13113673,0.21708798,0.26428565,0.2709622,0.26520345,0.15140924,0.11030141,0.08777396,0.074058466,0.05445914,0.023631027,0.018878333,0.019829242,0.19377698,0.19102542,0.16249456,0.08640369,0.06896184,0.0841046,0.06644203,0.06388911,0.26869437,0.21241252,0.13549215,0.09396312,0.044069067,0.03406524,0.026018405,0.041935503,0.089743815,0.14137231,0.063878074,0.035615753,0.044964794,0.04592673,0.028054485,0.059732344,0.14432435,0.1394282,0.0405211,0.08058974,0.10990413,0.114831544,0.08890143,0.07077352,0.10232079,0.116314,0.06981342,0.12004038,0.20144677,0.18287742,0.24384761,0.26959196,0.20040941,0.14913037,0.14684415,0.14549413,0.13985859,0.077131905,0.03666414,0.033701062,0.04326346,0.031712808,0.057245642,0.117873706,0.19997717,0.25595188,0.22708996,0.32165268,0.13534868,0.1496086,0.15440543,0.09996468,0.08427013,0.096749626,0.103139274,0.08201518,0.049386412,0.026351316,0.032021806,0.06403258,0.07014449,0.09460503,0.13149172,0.11794913,0.11172869,0.083486594,0.13551421,0.17852385,0.10059739,0.05576502,0.0692929,0.14273155,0.09181852,0.07616812,0.048347224,0.06135826,0.122527085,0.21262221,0.22935593,0.16979098,0.21941833,0.19383216,0.10905071,0.06079177,0.07488614,0.042500164,0.021819338,0.03955916,0.14517593,0.09859625,0.017861215,0.015440728,0.036145464,0.029555336,0.047142494,0.10308409,0.15403022,0.14600362,0.048446547,0.034043167,0.04728596,0.036951065,0.035878766,0.020217327,0.04202563,0.067779176,0.06916048,0.11284513,0.14555115,0.2775928,0.3417376,0.35637084,0.19225037,0.14726351,0.10341516,0.06383393,0.057190467,0.0572015,0.052910466,0.05183081,0.15568739,0.11442506,0.07107148,0.012731473,0.033625655,0.06933705,0.07507375,0.074689336,0.058781434,0.1100807,0.21111952,0.27352616,0.22968884,0.1958664,0.21484405,0.1605707,0.03714971,0.05954474,0.05402875,0.011784244,0.014269107,0.01273331,0.032176305,0.058395192,0.029501995,0.08422783,0.102508396,0.09185346,0.21416904,0.36191997,0.37583408,0.33545828,0.11156315,0.15967679,0.14689934,0.058494512,0.05014971,0.06220985,0.14443286,0.16850899
Electricity|Imports,0.000285,0.000285,0.000285,0.000285,0.000285,0.000285,0.000285,0.000285,0.000285,0.000285,0.000285,0.000285,0.000285,0.000285,0.000285,0.000285,0.000285,0.000285,0.000285,0.000285,0.000285,0.000285,0.000285,0.000285,0.000285,0.000285,0.000285,0.000285,0.000285,0.000285,0.000285,0.000285,0.0,0.0,0.000285,0.000285,0.000285,0.000285,0.000285,0.0,0.0,0.0,0.000285,0.000285,0.000285,0.000285,0.000285,0.0,0.0,0.0,0.000285,0.000285,0.000285,0.0,0.000285,0.0,0.0,0.0,0.000285,0.000285,0.0,0.000285,0.000285,0.0,0.0,0.0,0.0,0.0,0.0,0.0,0.0,0.0,0.0,0.0,0.0,0.0,0.0,0.0,0.0,0.0,0.0,0.0,0.0,0.0,0.0,0.0,0.0,0.0,0.0,0.0,0.0,0.0,0.0,0.0,0.0,0.0,0.0,0.0,0.0,0.0,0.0,0.0,0.0,0.0,0.0,0.0,0.0,0.0,0.0,0.0,0.0,0.0,0.0,0.0,0.0,0.0,0.0,0.0,0.0,0.0,0.0,0.0,0.0,0.0,0.0,0.0,0.0,0.0,0.0,0.0,0.0,0.0,0.0,0.0,0.0,0.0,0.0,0.0,0.0,0.0,0.0,0.0,0.0,0.0,0.0,0.0,0.0,0.0,0.0,0.0,0.0,0.0,0.0,0.0,0.0,0.0,0.0,0.0,0.0,0.0,0.0,0.0,0.000285,0.000285,0.000285,0.000285,0.000285,0.0,0.0,0.000285,0.000285,0.000285,0.000285,0.000285,0.000285,0.000285,0.000285,0.000285,0.000285,0.000285,0.000285,0.000285,0.000285,0.000285,0.000285,0.000285,0.000285,0.000285,0.000285,0.000285,0.000285,0.000285
CO2|Total,53.0,,,,,,,,,,,,,,,,,,,,,,,,,,,,,,,,,,,,,,,,,,,,,,,,,,,,,,,,,,,,,,,,,,,,,,,,,,,,,,,,,,,,,,,,,,,,,,,,,,,,,,,,,,,,,,,,,,,,,,,,,,,,,,,,,,,,,,,,,,,,,,,,,,,,,,,,,,,,,,,,,,,,,,,,,,,,,,,,,,,,,,,,,,,,,,,
Costs|System cost,23305.03942,,,,,,,,,,,,,,,,,,,,,,,,,,,,,,,,,,,,,,,,,,,,,,,,,,,,,,,,,,,,,,,,,,,,,,,,,,,,,,,,,,,,,,,,,,,,,,,,,,,,,,,,,,,,,,,,,,,,,,,,,,,,,,,,,,,,,,,,,,,,,,,,,,,,,,,,,,,,,,,,,,,,,,,,,,,,,,,,,,,,,,,,,,,,,,,
